circuit_id,building_id,carrier_id,service_type,bandwidth_mbps,is_active,install_date,mrc_usd
1,741,4,Internet,200,1,2021-01-17,548.78
2,768,1,Dark Fiber,10000,0,2023-10-02,70721.55
3,231,2,Wavelength,100,0,2022-10-04,692.0
4,422,4,Ethernet,500,1,2023-05-06,1236.23
5,525,4,Dark Fiber,2000,1,2025-04-24,10901.09
6,776,4,Wavelength,200,1,2025-08-23,928.21
7,418,2,Internet,2000,1,2022-03-18,9997.58
8,589,2,Internet,100,1,2024-11-03,439.81
9,442,1,Internet,500,1,2024-07-08,2586.8
10,162,2,Dark Fiber,200,1,2022-09-07,964.24
11,651,2,Ethernet,10000,1,2023-03-17,62688.69
12,674,3,Internet,1000,1,2023-06-24,6681.11
13,533,2,Wavelength,100,1,2021-09-20,231.55
14,81,3,Internet,500,1,2022-09-19,3585.38
15,705,2,Internet,100,1,2025-02-06,617.55
16,307,1,Wavelength,10000,1,2022-01-03,60050.98
17,652,4,Internet,100,1,2023-12-07,501.58
18,499,4,Dark Fiber,100,1,2023-06-11,801.61
19,390,2,Wavelength,1000,1,2024-08-16,6628.13
20,388,4,Wavelength,100,1,2024-04-15,227.43
21,460,3,Ethernet,200,1,2023-06-22,906.69
22,625,3,Wavelength,200,0,2024-05-20,1075.02
23,436,2,Wavelength,200,1,2021-09-09,1129.11
24,427,1,Internet,2000,0,2023-06-30,12625.02
25,311,4,Internet,100,1,2025-06-27,270.97
26,309,1,Dark Fiber,500,1,2021-09-17,3594.99
27,91,1,Internet,200,0,2023-10-29,689.19
28,84,1,Ethernet,2000,1,2023-11-27,4916.22
29,297,4,Dark Fiber,500,1,2024-04-15,1783.19
30,49,1,Dark Fiber,500,1,2024-05-08,1189.8
31,115,1,Dark Fiber,100,1,2024-03-17,650.81
32,602,3,Dark Fiber,500,1,2022-01-18,2866.9
33,22,3,Dark Fiber,2000,1,2022-10-29,7887.95
34,282,1,Internet,2000,0,2023-10-13,8425.45
35,378,1,Wavelength,2000,1,2025-09-01,10550.46
36,737,3,Wavelength,200,0,2023-04-25,1587.89
37,526,3,Ethernet,1000,1,2023-08-11,3671.71
38,627,2,Ethernet,2000,1,2024-08-19,5663.98
39,572,1,Internet,500,1,2024-12-11,1570.23
40,266,2,Dark Fiber,1000,1,2021-12-23,6638.29
41,99,3,Internet,200,1,2023-09-02,1234.61
42,542,4,Internet,200,1,2023-03-14,908.35
43,436,2,Wavelength,10000,1,2024-11-26,56514.44
44,666,3,Dark Fiber,10000,1,2024-03-12,45988.33
45,406,2,Dark Fiber,200,1,2023-11-16,1410.65
46,570,4,Internet,100,1,2022-05-08,643.96
47,78,2,Wavelength,500,1,2025-06-01,2492.43
48,341,3,Wavelength,200,0,2024-01-23,1270.31
49,175,1,Ethernet,2000,1,2023-12-22,6756.23
50,345,1,Ethernet,200,1,2025-01-08,1116.17
51,337,3,Wavelength,100,0,2022-07-02,333.87
52,13,4,Ethernet,1000,1,2023-08-14,2082.14
53,647,4,Internet,100,1,2022-04-13,462.05
54,247,1,Internet,1000,1,2024-12-24,4726.82
55,683,1,Ethernet,1000,1,2022-08-11,3384.06
56,60,3,Internet,100,1,2025-04-15,751.3
57,22,4,Ethernet,1000,1,2021-11-13,7817.87
58,474,3,Wavelength,1000,1,2021-11-26,3243.35
59,726,3,Dark Fiber,200,1,2025-07-22,776.56
60,700,3,Internet,2000,1,2023-01-31,10588.94
61,40,3,Wavelength,10000,1,2025-03-03,80535.0
62,662,3,Wavelength,1000,1,2025-05-13,5404.97
63,461,4,Dark Fiber,2000,1,2022-10-13,15959.61
64,706,2,Internet,200,1,2025-03-02,1288.79
65,724,2,Ethernet,200,1,2022-03-05,1040.9
66,343,2,Wavelength,10000,1,2023-07-02,51332.94
67,48,2,Internet,200,1,2023-07-03,498.81
68,464,1,Internet,1000,1,2025-03-03,4678.39
69,89,4,Ethernet,200,1,2025-05-16,465.1
70,421,2,Wavelength,500,1,2024-07-15,2597.32
71,405,1,Internet,500,1,2021-03-18,2972.15
72,442,2,Ethernet,500,1,2021-01-25,1087.2
73,57,4,Dark Fiber,10000,1,2023-10-07,82796.59
74,102,4,Wavelength,100,1,2023-02-25,608.24
75,420,1,Dark Fiber,2000,0,2023-12-16,8882.39
76,504,1,Dark Fiber,10000,1,2021-07-29,52372.31
77,443,1,Internet,10000,1,2024-05-12,50526.76
78,786,3,Internet,2000,1,2023-05-13,12645.23
79,284,1,Dark Fiber,200,1,2022-12-21,1150.06
80,388,1,Wavelength,10000,1,2025-04-09,59217.12
81,54,3,Wavelength,2000,1,2022-04-26,16068.43
82,581,4,Internet,1000,1,2023-08-01,7737.91
83,650,2,Dark Fiber,500,1,2024-07-22,3933.06
84,47,3,Internet,200,1,2022-10-19,1322.62
85,719,1,Ethernet,100,1,2024-08-20,307.07
86,269,2,Dark Fiber,200,1,2025-03-08,1316.19
87,542,3,Ethernet,100,1,2022-05-22,485.57
88,395,3,Ethernet,1000,1,2021-12-25,7487.32
89,793,3,Wavelength,100,1,2023-12-18,375.97
90,505,1,Internet,200,0,2021-01-02,916.34
91,561,1,Wavelength,500,1,2021-05-26,1506.33
92,138,3,Internet,2000,1,2021-09-07,15091.91
93,471,2,Dark Fiber,100,1,2022-03-20,776.75
94,158,3,Ethernet,100,1,2021-04-22,763.77
95,265,1,Ethernet,1000,1,2024-07-21,5390.81
96,336,2,Ethernet,500,0,2024-12-17,3221.36
97,701,2,Dark Fiber,500,1,2025-07-09,1817.85
98,556,2,Ethernet,2000,1,2023-02-01,15559.68
99,249,1,Internet,200,1,2025-05-14,798.15
100,7,3,Wavelength,100,1,2025-02-26,383.19
101,791,4,Ethernet,1000,1,2021-08-07,2603.65
102,412,2,Ethernet,200,1,2021-05-31,1612.53
103,7,1,Dark Fiber,100,1,2021-09-15,360.45
104,680,1,Dark Fiber,10000,1,2023-07-10,27586.2
105,407,3,Ethernet,200,1,2024-04-18,1425.29
106,732,3,Dark Fiber,2000,1,2023-01-12,13092.12
107,131,4,Internet,500,1,2023-05-08,1917.13
108,757,1,Ethernet,1000,0,2022-10-29,4888.21
109,193,4,Wavelength,1000,0,2024-06-28,7990.49
110,122,4,Internet,2000,1,2023-06-29,15212.64
111,263,4,Wavelength,1000,1,2021-07-31,3505.75
112,718,2,Dark Fiber,200,1,2021-01-13,1025.54
113,392,3,Dark Fiber,10000,1,2021-09-10,56211.14
114,741,1,Dark Fiber,10000,1,2021-11-16,40001.1
115,528,2,Wavelength,500,1,2023-07-03,3698.98
116,295,4,Ethernet,200,1,2022-06-05,1232.36
117,17,4,Internet,500,1,2024-01-04,3663.32
118,384,2,Dark Fiber,100,1,2023-08-18,847.13
119,746,2,Internet,100,1,2024-07-28,835.71
120,227,3,Dark Fiber,200,1,2023-04-30,883.07
121,678,4,Dark Fiber,500,1,2023-03-08,1349.15
122,71,3,Internet,2000,1,2025-03-15,9813.91
123,424,3,Dark Fiber,10000,1,2021-12-18,35590.93
124,642,4,Wavelength,500,1,2023-03-01,2025.08
125,506,4,Internet,1000,1,2024-02-28,5321.91
126,678,1,Ethernet,100,1,2022-12-10,393.72
127,81,2,Ethernet,1000,1,2025-05-18,3941.46
128,551,4,Internet,100,1,2025-02-08,243.03
129,684,2,Internet,1000,1,2021-11-09,7973.83
130,766,3,Wavelength,100,1,2021-10-18,559.66
131,671,4,Ethernet,100,0,2021-03-31,251.23
132,333,1,Dark Fiber,10000,1,2025-01-28,38146.6
133,457,2,Wavelength,200,1,2023-08-16,635.87
134,781,4,Wavelength,200,1,2024-05-05,1329.22
135,403,1,Ethernet,500,1,2023-01-13,3184.58
136,546,2,Internet,2000,0,2022-11-16,8990.24
137,635,3,Internet,100,1,2023-06-30,648.9
138,442,3,Wavelength,1000,1,2022-04-21,5722.62
139,226,3,Ethernet,10000,1,2024-07-21,42749.3
140,779,4,Wavelength,10000,1,2023-02-15,25393.23
141,11,1,Dark Fiber,10000,1,2025-04-26,62084.98
142,510,2,Dark Fiber,10000,1,2024-02-02,58873.63
143,215,4,Internet,1000,1,2025-04-29,7777.17
144,335,4,Internet,10000,1,2022-06-15,38988.41
145,705,2,Dark Fiber,10000,1,2024-07-02,63477.47
146,211,3,Dark Fiber,2000,1,2022-01-12,13474.14
147,203,3,Dark Fiber,500,1,2021-02-15,1311.78
148,357,2,Ethernet,200,1,2023-04-28,1351.15
149,120,3,Ethernet,100,1,2022-09-14,363.62
150,528,4,Wavelength,10000,0,2023-07-21,80994.02
151,291,3,Wavelength,10000,1,2025-02-01,20853.89
152,339,2,Wavelength,200,0,2025-06-22,959.34
153,351,1,Wavelength,500,1,2021-01-28,2666.86
154,279,2,Ethernet,500,1,2021-08-27,3073.29
155,351,1,Ethernet,1000,0,2022-05-28,2563.64
156,457,4,Wavelength,500,1,2023-12-14,2681.27
157,742,1,Wavelength,1000,1,2024-06-29,7143.25
158,576,2,Dark Fiber,1000,1,2022-11-06,7929.26
159,251,3,Internet,200,1,2022-05-23,1553.21
160,35,2,Ethernet,200,1,2024-01-02,1284.94
161,507,3,Dark Fiber,500,1,2024-09-24,1187.93
162,682,2,Dark Fiber,2000,1,2023-09-03,6439.74
163,729,3,Internet,100,1,2022-07-16,427.02
164,498,2,Ethernet,10000,1,2021-07-17,53598.01
165,153,4,Ethernet,500,1,2022-03-22,2893.66
166,343,4,Internet,1000,1,2022-11-24,7104.23
167,213,3,Internet,1000,1,2023-09-28,3301.87
168,559,1,Dark Fiber,10000,1,2022-04-05,59050.88
169,103,3,Ethernet,100,1,2022-01-26,709.31
170,741,3,Wavelength,10000,1,2021-06-10,46688.3
171,769,1,Wavelength,10000,1,2023-02-27,72361.19
172,474,4,Wavelength,500,1,2022-09-09,3648.79
173,26,2,Dark Fiber,200,1,2021-06-12,665.52
174,353,4,Ethernet,10000,1,2021-05-11,82187.2
175,85,1,Ethernet,100,1,2023-12-15,800.52
176,450,3,Wavelength,100,1,2023-04-21,800.2
177,278,1,Wavelength,200,1,2023-08-03,1693.26
178,758,2,Ethernet,200,1,2021-02-27,1567.03
179,681,3,Ethernet,1000,1,2023-04-27,4352.09
180,4,4,Dark Fiber,10000,1,2021-04-27,52892.68
181,107,4,Internet,1000,1,2024-11-25,2884.21
182,790,4,Ethernet,200,1,2025-05-12,1065.91
183,135,4,Wavelength,500,1,2021-06-24,1777.41
184,471,3,Internet,2000,1,2024-01-01,10663.99
185,531,2,Ethernet,100,1,2021-07-08,413.52
186,321,2,Internet,100,1,2023-05-07,317.84
187,95,4,Dark Fiber,10000,0,2024-11-29,76918.63
188,217,4,Wavelength,10000,1,2024-07-20,33393.89
189,569,4,Dark Fiber,200,0,2021-03-28,847.31
190,214,3,Internet,10000,1,2022-03-07,48657.88
191,121,3,Ethernet,10000,0,2024-08-20,23093.53
192,276,1,Dark Fiber,2000,1,2025-03-31,9473.84
193,55,2,Wavelength,1000,1,2024-07-10,4738.63
194,443,2,Wavelength,2000,1,2023-03-13,5916.31
195,268,3,Wavelength,2000,1,2021-07-05,9727.78
196,332,1,Dark Fiber,1000,1,2023-07-09,3137.47
197,123,3,Internet,200,1,2024-03-03,419.96
198,53,3,Dark Fiber,10000,1,2022-10-26,79136.87
199,241,2,Dark Fiber,500,1,2025-08-18,3269.1
200,481,4,Dark Fiber,100,1,2022-04-24,321.03
201,375,1,Wavelength,2000,1,2025-08-02,16807.62
202,733,4,Ethernet,100,1,2023-05-20,675.69
203,71,4,Dark Fiber,2000,0,2021-09-24,5295.91
204,603,1,Dark Fiber,1000,1,2022-05-27,5271.9
205,736,1,Ethernet,1000,1,2022-12-03,3412.86
206,333,1,Dark Fiber,2000,1,2025-07-24,14985.98
207,746,3,Internet,500,1,2024-05-26,1061.51
208,257,4,Ethernet,10000,1,2023-10-22,42267.6
209,35,4,Internet,500,1,2024-02-22,1667.15
210,314,2,Wavelength,500,0,2024-04-14,3222.45
211,458,2,Wavelength,500,1,2024-12-07,2425.57
212,623,2,Ethernet,1000,1,2021-09-27,7696.67
213,743,3,Ethernet,1000,1,2025-08-04,6937.72
214,414,4,Dark Fiber,200,1,2025-05-05,874.64
215,50,4,Wavelength,200,1,2023-12-12,833.58
216,212,4,Wavelength,200,1,2021-09-21,1550.94
217,369,4,Ethernet,200,1,2021-12-29,1237.21
218,698,3,Internet,10000,1,2024-12-26,68591.69
219,191,1,Wavelength,100,1,2022-03-10,270.9
220,304,4,Wavelength,2000,1,2022-05-25,16814.56
221,287,3,Internet,10000,1,2025-03-06,77520.12
222,670,1,Internet,100,1,2021-12-03,568.11
223,541,1,Dark Fiber,200,1,2022-05-11,1035.43
224,558,3,Dark Fiber,100,1,2022-09-18,366.44
225,786,1,Dark Fiber,10000,1,2025-05-16,43167.12
226,567,3,Internet,10000,1,2022-02-12,81878.09
227,620,3,Wavelength,500,1,2022-07-13,2982.77
228,240,1,Internet,2000,1,2023-02-22,8549.01
229,192,4,Wavelength,500,1,2022-05-23,3032.43
230,645,3,Ethernet,2000,1,2021-08-16,11186.38
231,32,2,Wavelength,2000,1,2023-11-19,10192.64
232,567,4,Dark Fiber,200,1,2021-03-27,884.09
233,89,1,Wavelength,200,1,2021-02-22,1182.9
234,189,2,Wavelength,500,1,2025-08-06,3766.03
235,706,1,Ethernet,1000,0,2024-08-21,3009.4
236,675,3,Wavelength,200,1,2021-10-02,983.8
237,457,4,Ethernet,200,1,2022-09-13,900.65
238,565,3,Ethernet,1000,0,2023-01-28,7201.06
239,90,3,Dark Fiber,10000,1,2021-07-13,69742.74
240,549,1,Wavelength,2000,1,2021-07-19,5975.37
241,337,3,Dark Fiber,100,1,2024-01-08,263.63
242,185,4,Wavelength,500,1,2021-04-24,1472.72
243,780,3,Internet,500,1,2022-12-13,2115.74
244,158,4,Dark Fiber,10000,1,2025-07-22,22841.06
245,312,3,Internet,10000,1,2022-10-07,77376.86
246,362,4,Wavelength,2000,1,2024-02-12,11679.72
247,461,3,Ethernet,100,1,2025-06-29,764.25
248,644,1,Ethernet,10000,1,2023-06-01,22548.57
249,542,3,Ethernet,1000,1,2024-02-16,5500.02
250,137,2,Internet,10000,1,2021-10-12,81989.64
251,453,1,Ethernet,100,1,2022-04-07,206.92
252,243,2,Dark Fiber,2000,1,2025-04-27,5939.36
253,541,4,Dark Fiber,500,1,2021-01-10,4121.88
254,238,3,Wavelength,2000,1,2025-02-07,14186.46
255,36,3,Dark Fiber,200,1,2024-11-03,1210.53
256,133,3,Internet,10000,1,2025-01-02,65852.8
257,566,2,Internet,500,1,2023-09-07,3320.21
258,408,3,Internet,10000,1,2023-10-08,22944.48
259,127,4,Internet,100,1,2024-03-13,460.15
260,239,3,Dark Fiber,10000,0,2021-06-10,48907.17
261,552,4,Wavelength,2000,1,2024-05-19,11012.06
262,499,2,Dark Fiber,100,1,2023-04-27,280.39
263,354,2,Dark Fiber,10000,1,2022-03-04,82317.17
264,227,2,Ethernet,500,1,2021-02-17,2304.27
265,294,1,Internet,2000,1,2023-05-08,7907.64
266,690,4,Wavelength,10000,1,2024-03-21,64796.79
267,732,2,Dark Fiber,1000,1,2023-08-09,7570.08
268,411,1,Internet,1000,1,2024-06-16,4097.52
269,652,1,Dark Fiber,200,1,2022-04-19,752.46
270,756,1,Wavelength,100,1,2024-04-06,429.64
271,358,4,Internet,500,1,2022-11-08,3952.86
272,338,3,Ethernet,200,1,2025-06-08,1655.4
273,604,1,Dark Fiber,2000,0,2025-02-10,8079.26
274,226,1,Internet,500,1,2022-03-18,4245.93
275,548,3,Wavelength,500,1,2024-01-01,1083.03
276,547,3,Wavelength,100,1,2024-03-28,561.26
277,727,4,Wavelength,100,1,2022-12-11,470.65
278,303,3,Internet,500,1,2021-04-12,2890.84
279,243,4,Internet,2000,1,2022-11-24,4929.54
280,714,3,Wavelength,100,1,2021-10-22,822.74
281,760,4,Dark Fiber,200,1,2022-01-01,1604.31
282,546,3,Wavelength,10000,1,2023-08-30,63535.13
283,257,4,Ethernet,100,1,2021-02-20,552.67
284,589,1,Ethernet,1000,1,2022-12-05,3202.93
285,422,3,Dark Fiber,200,0,2021-01-06,1286.88
286,731,2,Ethernet,500,1,2023-06-27,3624.5
287,696,2,Internet,100,1,2024-05-11,750.06
288,328,1,Internet,1000,1,2022-06-24,3541.45
289,603,1,Dark Fiber,200,0,2021-06-03,1231.27
290,236,1,Ethernet,200,1,2021-07-22,970.95
291,116,3,Dark Fiber,500,1,2023-09-01,4037.15
292,412,4,Ethernet,500,1,2023-02-19,3588.19
293,189,1,Internet,1000,1,2024-02-24,7967.9
294,108,1,Ethernet,10000,1,2025-06-18,44073.59
295,132,1,Dark Fiber,1000,1,2023-08-26,4453.38
296,141,4,Dark Fiber,200,0,2023-08-08,774.17
297,98,2,Wavelength,500,1,2022-04-02,2937.27
298,757,2,Ethernet,1000,0,2024-11-14,7313.32
299,401,4,Dark Fiber,2000,1,2024-08-28,14243.87
300,147,2,Ethernet,500,1,2022-11-10,1212.07
301,314,1,Dark Fiber,200,1,2025-03-06,1000.99
302,686,4,Internet,1000,0,2021-05-27,5767.72
303,534,4,Ethernet,100,1,2023-12-14,810.72
304,130,2,Wavelength,1000,0,2022-10-29,8239.6
305,367,2,Wavelength,200,1,2025-05-17,1573.44
306,256,3,Internet,100,1,2024-09-26,394.38
307,625,1,Internet,1000,0,2023-12-10,7431.65
308,765,4,Wavelength,100,1,2024-07-24,678.23
309,717,4,Ethernet,2000,1,2021-03-14,6050.0
310,690,4,Wavelength,2000,1,2022-07-02,13960.14
311,545,4,Internet,500,1,2022-11-29,3897.1
312,19,1,Internet,1000,1,2025-07-27,7106.61
313,537,4,Internet,10000,1,2023-09-10,72611.8
314,94,1,Wavelength,100,1,2023-03-09,260.35
315,545,2,Dark Fiber,200,1,2021-09-04,1292.16
316,623,1,Dark Fiber,10000,1,2025-04-29,82847.34
317,582,2,Internet,100,1,2021-12-27,687.89
318,232,2,Wavelength,500,1,2023-03-13,4212.69
319,62,3,Dark Fiber,10000,0,2021-09-20,52523.84
320,509,2,Wavelength,2000,0,2021-01-15,13973.53
321,345,4,Ethernet,10000,1,2023-07-12,65671.89
322,238,3,Internet,500,0,2025-02-18,2260.35
323,236,4,Dark Fiber,100,0,2021-07-06,263.12
324,319,1,Dark Fiber,100,1,2025-01-08,256.91
325,711,1,Ethernet,100,1,2025-01-18,281.36
326,635,2,Dark Fiber,1000,0,2022-05-05,3748.33
327,153,3,Dark Fiber,200,1,2023-07-08,743.43
328,522,4,Internet,500,1,2022-03-23,2755.26
329,494,3,Wavelength,10000,1,2021-01-02,67697.25
330,556,2,Internet,100,1,2022-04-01,677.45
331,656,2,Internet,200,1,2023-10-10,608.41
332,556,3,Wavelength,1000,1,2025-08-05,3333.9
333,3,3,Ethernet,500,1,2021-10-04,2347.1
334,369,3,Wavelength,200,1,2021-02-09,1056.81
335,317,4,Internet,10000,1,2022-04-23,25215.85
336,484,4,Ethernet,1000,1,2021-10-06,2794.22
337,514,4,Internet,100,1,2022-10-17,319.74
338,555,2,Dark Fiber,2000,0,2021-05-21,12552.65
339,201,3,Internet,100,1,2021-12-18,488.81
340,119,2,Dark Fiber,500,1,2022-02-09,1845.25
341,588,1,Dark Fiber,200,1,2022-06-03,896.24
342,103,4,Ethernet,200,1,2021-10-06,1523.05
343,154,2,Ethernet,1000,1,2024-01-01,8192.91
344,212,2,Ethernet,200,1,2023-03-12,500.1
345,359,3,Internet,200,1,2021-05-11,1169.05
346,543,1,Internet,10000,0,2021-07-12,57347.03
347,616,1,Internet,500,1,2022-05-08,4039.35
348,432,3,Wavelength,10000,1,2023-03-22,56741.02
349,574,2,Internet,500,1,2025-04-06,1665.12
350,169,4,Dark Fiber,200,1,2023-06-02,1415.9
351,227,1,Dark Fiber,1000,1,2023-04-26,6593.39
352,743,3,Dark Fiber,10000,1,2022-06-25,66160.18
353,508,1,Dark Fiber,1000,1,2023-01-03,5253.29
354,670,4,Ethernet,2000,1,2022-09-24,7883.33
355,502,4,Internet,100,1,2021-12-18,485.57
356,357,4,Wavelength,2000,1,2022-11-24,9050.36
357,137,4,Internet,10000,1,2024-02-20,25592.65
358,376,3,Ethernet,500,1,2025-05-15,2038.1
359,761,4,Dark Fiber,2000,0,2025-06-19,14666.14
360,153,2,Ethernet,500,1,2022-04-06,2298.15
361,395,2,Dark Fiber,2000,1,2024-03-24,10751.6
362,42,2,Wavelength,10000,1,2021-03-15,66822.92
363,147,1,Wavelength,500,1,2023-05-03,3089.69
364,291,4,Wavelength,200,1,2022-07-19,1071.44
365,239,2,Dark Fiber,500,1,2021-12-31,2582.55
366,561,1,Ethernet,1000,1,2025-06-18,7627.65
367,425,3,Internet,100,1,2025-04-18,778.42
368,366,4,Ethernet,1000,1,2021-06-10,7793.8
369,490,3,Wavelength,200,0,2023-10-14,564.3
370,168,2,Dark Fiber,2000,1,2021-11-05,6918.46
371,273,4,Internet,100,1,2023-03-26,371.24
372,744,2,Wavelength,100,1,2022-08-20,586.5
373,52,3,Ethernet,200,1,2024-08-12,578.13
374,525,4,Ethernet,1000,1,2021-01-20,2915.83
375,736,3,Wavelength,500,1,2021-04-16,3997.8
376,475,1,Ethernet,1000,1,2022-06-05,4924.6
377,263,1,Ethernet,200,1,2023-11-03,1665.79
378,222,4,Ethernet,100,0,2022-10-06,496.6
379,531,4,Ethernet,200,1,2021-11-10,763.33
380,413,1,Dark Fiber,100,1,2021-05-14,687.85
381,434,2,Ethernet,10000,1,2021-08-03,34791.71
382,49,3,Internet,10000,1,2021-06-05,70206.41
383,534,3,Internet,10000,1,2024-11-29,22226.9
384,529,2,Internet,1000,1,2024-04-02,6851.08
385,336,1,Wavelength,10000,1,2021-06-26,27822.76
386,109,3,Internet,200,1,2022-06-24,1173.37
387,570,1,Wavelength,500,1,2021-09-12,3035.2
388,781,4,Ethernet,2000,0,2023-09-29,5538.37
389,222,2,Internet,2000,1,2021-10-02,12113.89
390,707,1,Internet,100,1,2021-12-26,370.41
391,271,2,Internet,100,1,2025-06-12,418.6
392,245,1,Ethernet,2000,1,2022-02-05,11978.94
393,790,1,Internet,100,1,2022-04-01,316.0
394,51,1,Internet,500,1,2022-05-29,3379.52
395,388,4,Wavelength,1000,1,2021-03-08,5776.49
396,245,1,Dark Fiber,100,1,2023-01-25,640.91
397,475,4,Dark Fiber,200,1,2021-04-18,1156.66
398,330,4,Internet,10000,1,2021-11-04,21314.65
399,520,3,Wavelength,2000,1,2024-05-11,10479.48
400,479,1,Wavelength,100,1,2022-06-09,284.99
401,30,2,Dark Fiber,1000,1,2022-05-06,4310.99
402,260,2,Wavelength,10000,1,2023-01-31,36119.94
403,73,1,Internet,10000,1,2022-09-07,41899.61
404,453,3,Wavelength,200,1,2023-02-14,874.49
405,92,4,Internet,100,1,2022-03-21,535.48
406,33,3,Dark Fiber,1000,1,2024-02-10,6559.1
407,432,4,Internet,2000,1,2022-12-22,7657.01
408,476,1,Dark Fiber,1000,1,2021-01-05,4091.06
409,203,1,Internet,2000,1,2024-01-26,10183.88
410,256,2,Internet,1000,0,2021-03-04,4427.49
411,391,1,Internet,100,1,2023-02-24,493.6
412,19,2,Internet,500,0,2021-09-12,3205.48
413,92,2,Ethernet,10000,1,2024-08-14,82560.68
414,90,3,Dark Fiber,1000,1,2022-12-01,6383.46
415,187,3,Internet,100,1,2021-05-11,808.25
416,795,4,Internet,2000,1,2024-03-25,8261.34
417,772,3,Ethernet,1000,1,2024-12-26,2300.31
418,673,2,Ethernet,100,1,2021-06-04,711.03
419,596,4,Wavelength,1000,1,2021-06-16,4087.98
420,178,2,Dark Fiber,2000,1,2022-10-31,7322.57
421,307,2,Dark Fiber,2000,1,2022-07-19,15942.62
422,315,2,Ethernet,200,1,2022-08-31,1029.18
423,674,4,Internet,500,1,2023-09-07,4157.61
424,274,3,Internet,100,1,2021-07-14,516.05
425,796,3,Internet,10000,1,2024-06-25,47848.72
426,681,2,Ethernet,100,1,2024-11-25,506.11
427,679,3,Wavelength,100,1,2024-03-09,731.67
428,728,4,Dark Fiber,200,1,2023-02-26,1632.3
429,672,1,Wavelength,1000,1,2021-03-22,3667.65
430,522,1,Wavelength,200,0,2023-09-29,1511.7
431,290,4,Internet,10000,0,2021-11-21,59321.93
432,760,3,Wavelength,2000,1,2025-03-31,14988.83
433,229,3,Internet,1000,1,2023-01-27,4350.35
434,79,3,Dark Fiber,1000,1,2024-01-22,5318.52
435,461,1,Internet,500,1,2021-05-29,3230.66
436,548,1,Dark Fiber,10000,1,2022-06-14,74656.84
437,687,1,Wavelength,100,1,2024-07-02,786.24
438,348,3,Ethernet,100,1,2021-07-22,433.52
439,77,1,Dark Fiber,200,1,2023-01-16,1640.56
440,54,2,Internet,10000,1,2024-11-19,61998.98
441,399,4,Wavelength,2000,1,2023-01-28,10849.8
442,374,3,Ethernet,100,1,2025-05-31,706.13
443,664,1,Dark Fiber,100,0,2022-01-21,784.11
444,373,4,Internet,200,1,2024-03-27,1225.66
445,64,3,Ethernet,200,1,2025-04-06,1525.9
446,379,2,Wavelength,10000,1,2022-01-20,55589.37
447,645,2,Wavelength,100,1,2022-10-29,512.9
448,761,2,Wavelength,1000,0,2024-01-08,2384.37
449,64,4,Wavelength,10000,1,2021-06-08,57600.68
450,180,3,Dark Fiber,500,1,2021-05-22,2731.96
451,646,4,Dark Fiber,2000,1,2022-07-22,12500.16
452,708,4,Ethernet,200,1,2021-10-27,1088.45
453,88,4,Dark Fiber,100,1,2021-05-01,465.13
454,141,1,Ethernet,500,0,2023-10-27,2369.98
455,774,4,Dark Fiber,10000,1,2023-05-07,41243.95
456,534,3,Internet,2000,1,2022-01-25,13148.6
457,800,3,Ethernet,10000,0,2022-12-13,22567.42
458,693,3,Ethernet,500,1,2023-06-06,1698.09
459,550,1,Wavelength,10000,1,2023-10-05,46755.38
460,726,3,Wavelength,200,1,2023-07-25,1159.01
461,363,4,Dark Fiber,100,1,2022-08-29,272.95
462,151,3,Ethernet,2000,1,2022-01-11,15521.52
463,772,3,Ethernet,200,1,2025-06-26,719.47
464,188,4,Ethernet,10000,1,2024-10-29,68504.23
465,774,3,Internet,100,1,2024-10-15,520.6
466,623,4,Internet,500,1,2023-09-02,4074.77
467,383,1,Internet,100,1,2023-03-30,703.1
468,383,3,Wavelength,2000,1,2022-06-01,4270.88
469,132,1,Ethernet,500,0,2023-07-23,4069.76
470,444,1,Ethernet,200,0,2023-02-07,1535.91
471,631,3,Wavelength,1000,1,2021-10-10,4761.26
472,150,4,Wavelength,200,1,2021-09-07,765.38
473,439,3,Wavelength,100,1,2025-08-29,248.31
474,664,2,Wavelength,100,1,2021-06-13,301.41
475,536,2,Dark Fiber,200,0,2023-11-16,797.13
476,50,2,Ethernet,10000,1,2021-10-11,22085.61
477,85,4,Wavelength,100,1,2023-11-20,507.43
478,401,1,Dark Fiber,10000,1,2023-11-02,55829.25
479,396,3,Internet,500,1,2022-01-19,3511.43
480,674,4,Internet,2000,0,2024-09-28,6602.97
481,35,2,Ethernet,2000,1,2023-11-01,4222.73
482,23,2,Ethernet,10000,1,2024-06-08,27320.11
483,575,4,Ethernet,100,1,2023-04-19,822.73
484,501,1,Ethernet,1000,1,2021-06-19,3409.07
485,416,1,Dark Fiber,200,1,2021-03-29,1312.15
486,178,4,Dark Fiber,2000,1,2021-06-19,13252.81
487,589,3,Dark Fiber,10000,1,2021-03-31,45821.55
488,513,2,Wavelength,1000,1,2021-05-08,8297.28
489,150,3,Internet,10000,0,2023-09-22,74584.59
490,598,4,Dark Fiber,500,1,2025-06-18,2404.79
491,553,2,Internet,100,1,2022-05-09,502.07
492,100,2,Internet,100,1,2024-04-23,346.27
493,138,3,Dark Fiber,2000,1,2021-02-22,11189.59
494,752,1,Dark Fiber,1000,1,2022-01-18,4676.79
495,707,1,Dark Fiber,10000,1,2025-04-08,26088.25
496,496,3,Wavelength,100,1,2024-06-03,260.02
497,553,2,Wavelength,10000,1,2023-08-15,72465.65
498,492,2,Dark Fiber,200,1,2022-02-28,836.22
499,527,2,Dark Fiber,1000,1,2022-09-11,7387.84
500,510,4,Internet,1000,1,2023-03-29,3453.53
501,495,4,Dark Fiber,500,1,2024-09-18,3434.87
502,790,1,Ethernet,500,1,2022-08-13,3557.86
503,296,2,Ethernet,100,1,2021-07-08,333.51
504,157,1,Ethernet,100,1,2024-09-25,376.55
505,524,3,Ethernet,10000,1,2022-09-20,32227.06
506,456,2,Internet,100,0,2024-09-15,537.98
507,664,1,Dark Fiber,500,1,2024-02-01,3420.29
508,631,2,Ethernet,1000,1,2022-01-15,2553.79
509,762,2,Internet,2000,1,2023-05-04,4492.72
510,479,1,Wavelength,100,0,2024-06-21,724.57
511,271,4,Internet,2000,1,2024-12-21,12671.48
512,173,4,Ethernet,100,1,2022-10-04,673.99
513,740,3,Internet,200,1,2022-02-16,495.55
514,714,1,Ethernet,200,0,2025-03-21,742.95
515,714,1,Ethernet,500,1,2022-10-05,1274.4
516,483,2,Wavelength,1000,0,2025-02-21,2724.5
517,799,1,Ethernet,1000,1,2021-05-13,7816.21
518,579,2,Ethernet,200,0,2022-10-20,560.41
519,739,2,Wavelength,2000,1,2021-02-19,8217.99
520,787,3,Wavelength,100,1,2023-01-08,750.65
521,520,3,Ethernet,10000,0,2023-04-12,58513.51
522,599,3,Ethernet,200,1,2022-09-08,1460.04
523,17,2,Wavelength,10000,1,2021-06-18,41382.41
524,489,4,Internet,2000,1,2021-11-15,7374.7
525,604,3,Dark Fiber,200,1,2021-11-27,701.08
526,634,3,Internet,10000,1,2022-07-05,37330.78
527,772,1,Internet,10000,1,2023-11-29,82452.21
528,482,3,Dark Fiber,100,1,2021-12-15,732.18
529,134,3,Wavelength,10000,1,2021-08-16,75913.44
530,22,1,Wavelength,200,1,2021-03-06,1442.42
531,704,2,Dark Fiber,1000,1,2025-07-04,7963.97
532,332,2,Dark Fiber,2000,1,2023-10-19,10731.49
533,552,2,Wavelength,1000,1,2021-11-21,7499.6
534,715,3,Internet,2000,1,2024-07-31,11450.85
535,683,1,Dark Fiber,500,1,2023-06-14,1668.52
536,479,1,Internet,500,1,2022-06-07,2477.49
537,154,1,Wavelength,2000,1,2025-06-23,9346.98
538,131,3,Dark Fiber,500,1,2023-12-22,2463.66
539,558,3,Internet,100,1,2021-06-29,203.09
540,271,4,Internet,100,1,2025-08-15,725.34
541,573,2,Wavelength,2000,1,2021-06-05,13441.88
542,43,1,Ethernet,10000,1,2022-11-28,34814.34
543,333,4,Ethernet,200,0,2021-07-08,712.97
544,487,1,Internet,2000,1,2021-04-02,5515.9
545,684,2,Wavelength,10000,1,2021-09-21,42344.17
546,760,3,Internet,2000,1,2024-01-03,9032.89
547,617,3,Wavelength,500,1,2024-09-07,2369.89
548,324,1,Ethernet,10000,1,2025-01-20,58285.9
549,110,3,Wavelength,10000,1,2025-05-10,43164.41
550,789,1,Internet,1000,1,2022-07-05,5721.38
551,407,3,Dark Fiber,200,1,2024-01-07,1455.23
552,702,4,Wavelength,500,1,2022-07-17,3922.18
553,652,1,Internet,200,1,2021-09-15,1315.73
554,17,3,Wavelength,500,0,2023-10-21,1216.17
555,256,2,Internet,2000,1,2022-06-04,14925.25
556,578,2,Internet,2000,1,2022-11-08,16001.58
557,141,1,Internet,2000,1,2021-03-29,11768.71
558,505,2,Wavelength,100,1,2025-08-07,460.67
559,484,1,Internet,500,1,2022-03-30,1411.37
560,773,1,Internet,1000,1,2024-08-16,7160.77
561,769,3,Dark Fiber,200,1,2023-03-30,1019.55
562,218,4,Ethernet,100,1,2022-11-20,775.96
563,799,2,Dark Fiber,10000,1,2025-03-28,55856.7
564,272,3,Ethernet,2000,1,2025-07-08,6777.76
565,6,4,Ethernet,200,1,2023-12-19,1060.78
566,598,1,Dark Fiber,2000,1,2024-11-10,9944.37
567,8,1,Internet,10000,1,2023-05-28,27772.32
568,266,4,Wavelength,500,1,2022-12-27,1699.09
569,302,4,Ethernet,10000,1,2022-09-29,44127.01
570,717,3,Ethernet,10000,1,2022-08-22,82320.48
571,385,1,Wavelength,10000,1,2021-10-23,50792.91
572,615,4,Dark Fiber,500,1,2023-01-12,2507.35
573,746,4,Dark Fiber,2000,1,2025-04-19,8680.78
574,379,2,Internet,100,1,2022-02-15,405.79
575,182,4,Dark Fiber,200,1,2024-12-31,1248.94
576,421,2,Ethernet,500,1,2024-11-05,1023.64
577,284,1,Ethernet,10000,0,2025-03-25,39099.22
578,271,2,Dark Fiber,200,1,2021-01-04,1656.56
579,669,1,Ethernet,100,0,2021-06-16,384.13
580,434,2,Internet,200,1,2025-03-11,1423.02
581,768,2,Ethernet,200,1,2022-05-10,496.32
582,565,1,Ethernet,200,1,2021-12-23,449.5
583,90,3,Ethernet,100,1,2021-11-23,632.48
584,89,4,Wavelength,100,1,2025-06-04,201.08
585,294,3,Internet,100,1,2021-07-22,557.56
586,130,2,Dark Fiber,500,1,2024-11-11,1687.48
587,720,1,Ethernet,200,1,2025-01-26,1407.33
588,606,4,Wavelength,200,1,2025-04-15,1099.97
589,701,1,Ethernet,500,1,2021-03-29,2541.92
590,371,4,Internet,200,0,2025-06-24,1566.55
591,370,2,Dark Fiber,10000,1,2025-03-03,53519.01
592,788,4,Internet,200,1,2024-01-26,1045.12
593,213,3,Dark Fiber,100,1,2022-03-29,757.82
594,766,2,Dark Fiber,200,1,2023-11-19,563.14
595,529,2,Internet,1000,1,2023-07-16,3091.66
596,722,4,Internet,500,1,2021-08-20,1098.7
597,188,4,Wavelength,10000,1,2021-10-26,69113.44
598,584,2,Ethernet,2000,1,2024-03-17,11766.67
599,195,1,Wavelength,10000,1,2025-05-12,67208.14
600,683,3,Dark Fiber,500,1,2024-08-04,2302.32
601,92,3,Internet,100,1,2024-07-04,406.03
602,76,3,Dark Fiber,10000,1,2024-09-30,25387.61
603,79,1,Wavelength,2000,1,2022-03-04,14466.9
604,182,2,Dark Fiber,200,1,2024-12-19,855.87
605,572,2,Dark Fiber,1000,1,2025-02-15,6273.85
606,1,1,Dark Fiber,100,1,2021-02-16,275.19
607,192,1,Wavelength,2000,1,2023-12-14,8208.97
608,246,1,Internet,200,0,2024-10-17,651.54
609,42,1,Dark Fiber,10000,1,2023-02-02,71812.26
610,50,2,Internet,100,1,2024-04-22,558.32
611,28,4,Internet,200,1,2024-01-11,1070.18
612,259,1,Dark Fiber,500,1,2024-12-18,2419.12
613,540,4,Internet,2000,1,2023-03-18,5170.99
614,431,2,Internet,1000,0,2025-08-03,5288.66
615,772,3,Dark Fiber,10000,1,2021-01-24,44780.86
616,729,2,Ethernet,2000,1,2022-04-19,4207.46
617,198,2,Wavelength,500,1,2025-02-20,1386.11
618,94,1,Wavelength,2000,1,2021-05-18,16231.68
619,459,1,Internet,200,1,2025-05-19,1245.93
620,335,3,Ethernet,100,1,2021-06-20,207.75
621,406,4,Ethernet,2000,1,2022-12-16,16594.54
622,260,2,Wavelength,10000,1,2023-06-21,81543.9
623,479,1,Ethernet,100,1,2024-03-13,381.82
624,178,4,Wavelength,2000,1,2023-09-18,11319.91
625,729,4,Dark Fiber,200,1,2021-01-11,1133.44
626,320,2,Internet,1000,1,2024-07-27,8184.24
627,269,4,Ethernet,2000,1,2023-01-02,9452.82
628,542,2,Wavelength,200,1,2025-06-05,1417.25
629,343,4,Wavelength,10000,1,2021-03-16,55675.05
630,135,4,Internet,100,0,2022-01-05,802.54
631,390,2,Dark Fiber,500,1,2021-05-03,3665.92
632,264,2,Ethernet,200,1,2024-07-28,822.19
633,14,1,Dark Fiber,1000,1,2022-11-13,2072.27
634,361,4,Dark Fiber,500,1,2022-01-30,4230.67
635,349,2,Ethernet,500,1,2023-10-05,2175.5
636,121,4,Ethernet,100,1,2024-10-24,519.4
637,465,4,Dark Fiber,100,1,2021-08-04,652.92
638,366,2,Internet,1000,1,2022-01-30,3775.25
639,376,2,Ethernet,500,1,2025-05-19,3571.14
640,345,3,Internet,200,1,2021-06-30,802.76
641,335,1,Ethernet,10000,1,2024-03-17,77638.56
642,253,1,Dark Fiber,1000,1,2022-03-23,3179.18
643,455,2,Dark Fiber,10000,1,2024-03-23,57907.32
644,97,3,Ethernet,100,1,2025-01-18,802.0
645,773,4,Internet,200,1,2023-07-07,668.68
646,261,2,Wavelength,10000,1,2023-08-14,58673.88
647,531,2,Internet,500,1,2024-10-01,4076.36
648,5,1,Dark Fiber,100,1,2021-10-13,601.61
649,182,4,Internet,100,1,2024-10-03,363.89
650,200,4,Wavelength,500,1,2021-07-31,1891.95
651,350,1,Internet,10000,1,2024-12-21,81676.18
652,622,2,Internet,2000,0,2023-01-03,6891.29
653,81,3,Dark Fiber,1000,1,2021-09-13,2060.41
654,116,3,Dark Fiber,500,1,2022-11-29,3847.52
655,634,4,Wavelength,1000,1,2024-12-26,4808.6
656,367,3,Internet,1000,1,2022-09-03,6990.13
657,685,2,Ethernet,100,1,2021-12-23,645.37
658,795,2,Wavelength,1000,1,2021-05-09,6673.81
659,329,2,Dark Fiber,200,1,2023-06-09,1672.03
660,667,4,Ethernet,2000,0,2023-12-01,7826.36
661,62,1,Dark Fiber,1000,1,2021-02-05,2915.49
662,19,2,Wavelength,2000,1,2021-12-13,6958.29
663,539,4,Internet,1000,1,2021-03-16,5160.52
664,624,1,Dark Fiber,10000,1,2024-02-09,53031.69
665,552,2,Ethernet,10000,1,2025-06-03,79488.26
666,120,2,Internet,500,0,2022-07-03,3992.6
667,714,4,Internet,2000,1,2022-03-31,14173.41
668,60,3,Internet,10000,1,2022-12-02,57177.68
669,723,3,Dark Fiber,500,1,2024-10-28,3238.36
670,16,3,Ethernet,2000,1,2024-07-31,10291.15
671,789,3,Wavelength,1000,1,2023-03-15,6010.85
672,483,2,Wavelength,200,1,2023-10-28,522.39
673,156,4,Internet,500,1,2023-03-01,3069.17
674,93,3,Ethernet,2000,1,2023-07-30,8124.36
675,71,2,Wavelength,10000,1,2021-10-31,31317.03
676,497,2,Wavelength,2000,0,2022-10-23,12945.35
677,531,2,Wavelength,2000,1,2024-10-03,5087.08
678,673,4,Wavelength,1000,1,2022-12-22,6176.84
679,22,2,Dark Fiber,10000,1,2024-06-11,20358.21
680,169,4,Dark Fiber,10000,1,2023-10-17,84531.69
681,114,2,Dark Fiber,10000,0,2022-03-14,60761.51
682,56,3,Wavelength,1000,1,2024-06-24,3838.67
683,301,1,Internet,500,1,2024-04-21,4079.81
684,405,2,Wavelength,200,1,2023-02-14,622.29
685,456,3,Internet,10000,0,2021-02-23,21240.99
686,447,3,Dark Fiber,200,1,2021-10-18,961.36
687,373,4,Internet,1000,1,2024-12-03,6180.77
688,136,4,Ethernet,100,0,2022-07-31,291.08
689,171,2,Internet,100,1,2025-02-24,602.03
690,24,1,Wavelength,500,1,2022-10-12,1009.3
691,751,1,Wavelength,500,0,2024-04-17,2069.17
692,403,3,Ethernet,200,1,2025-01-06,955.85
693,454,4,Wavelength,10000,1,2021-11-05,83862.76
694,481,2,Internet,1000,1,2022-06-23,4743.49
695,369,3,Ethernet,10000,1,2023-12-25,82321.73
696,185,1,Wavelength,2000,1,2022-09-28,8618.72
697,1,2,Internet,500,1,2023-07-26,4028.95
698,17,3,Internet,10000,1,2025-06-15,63737.81
699,500,1,Ethernet,2000,1,2025-04-08,12951.43
700,773,2,Dark Fiber,1000,1,2022-10-05,5091.14
701,497,4,Wavelength,2000,1,2025-05-10,6735.23
702,698,4,Internet,10000,1,2025-03-04,70548.66
703,391,3,Dark Fiber,2000,1,2024-03-14,4438.89
704,559,3,Internet,2000,0,2022-03-15,16969.45
705,741,4,Internet,1000,1,2023-05-13,6021.47
706,200,2,Ethernet,2000,1,2023-10-20,10011.17
707,373,4,Dark Fiber,1000,0,2023-09-24,6074.98
708,737,2,Ethernet,100,1,2023-02-20,600.16
709,783,3,Wavelength,2000,1,2024-10-20,6535.56
710,506,1,Wavelength,200,1,2021-01-10,803.12
711,22,1,Ethernet,10000,0,2023-03-02,51690.42
712,400,4,Dark Fiber,10000,1,2025-08-31,35911.35
713,430,3,Wavelength,500,1,2021-11-11,2338.92
714,683,1,Ethernet,100,1,2025-06-08,715.33
715,521,3,Ethernet,1000,1,2023-10-20,7120.21
716,783,3,Internet,2000,0,2024-08-08,10508.31
717,750,2,Internet,500,1,2024-12-12,2869.47
718,190,1,Internet,500,1,2025-01-16,1853.24
719,758,3,Ethernet,10000,1,2024-08-11,44411.08
720,33,1,Dark Fiber,10000,0,2025-04-23,55662.57
721,434,1,Dark Fiber,2000,1,2024-03-20,9295.2
722,243,4,Ethernet,100,1,2025-08-17,605.26
723,423,2,Dark Fiber,200,1,2022-09-29,653.68
724,110,1,Internet,500,0,2022-07-03,2030.27
725,704,2,Dark Fiber,500,0,2021-05-11,2212.36
726,656,3,Wavelength,10000,1,2024-01-01,29771.52
727,45,4,Dark Fiber,10000,1,2021-08-03,28701.27
728,50,3,Wavelength,100,1,2022-07-16,801.69
729,708,1,Ethernet,1000,1,2023-04-19,6634.92
730,90,3,Internet,10000,1,2023-07-18,57972.52
731,524,4,Dark Fiber,500,1,2023-04-12,2830.45
732,548,3,Wavelength,500,1,2023-06-07,3827.46
733,216,1,Wavelength,10000,1,2022-01-20,62203.54
734,226,3,Internet,2000,1,2024-05-05,14052.59
735,119,4,Ethernet,200,1,2024-08-16,1224.06
736,227,4,Ethernet,2000,0,2022-09-13,16081.76
737,287,4,Dark Fiber,10000,1,2022-02-17,67307.17
738,641,4,Internet,1000,1,2023-12-17,3270.03
739,713,3,Dark Fiber,2000,1,2021-04-17,6452.75
740,650,4,Dark Fiber,10000,1,2022-06-23,52244.78
741,292,1,Ethernet,1000,0,2023-01-11,7948.17
742,568,1,Internet,2000,1,2021-07-22,16507.75
743,482,4,Dark Fiber,100,1,2024-06-04,408.88
744,550,1,Dark Fiber,10000,1,2021-07-28,73206.19
745,259,4,Internet,2000,1,2024-10-05,11585.72
746,17,2,Ethernet,1000,1,2025-07-26,3033.26
747,128,1,Ethernet,2000,1,2025-01-06,15883.89
748,58,1,Wavelength,200,0,2024-11-06,1227.01
749,225,1,Internet,200,1,2021-12-24,1669.14
750,324,4,Wavelength,1000,1,2023-11-03,2079.47
751,541,3,Wavelength,100,1,2025-08-11,236.85
752,155,4,Ethernet,1000,1,2025-07-11,3063.48
753,753,3,Internet,100,1,2021-10-15,622.47
754,775,4,Ethernet,2000,1,2025-01-15,11197.24
755,119,3,Dark Fiber,100,1,2023-11-15,518.07
756,136,4,Internet,500,1,2021-07-23,1101.98
757,210,2,Ethernet,500,1,2022-03-06,2145.38
758,236,1,Dark Fiber,2000,1,2021-08-04,13669.24
759,291,3,Ethernet,1000,1,2023-10-28,3755.69
760,49,3,Internet,10000,1,2025-06-02,28668.7
761,56,3,Wavelength,1000,1,2021-08-30,8393.03
762,572,3,Internet,1000,1,2024-02-12,6494.04
763,746,4,Internet,10000,1,2023-03-25,69511.9
764,199,1,Dark Fiber,100,1,2022-09-19,553.7
765,109,3,Dark Fiber,1000,1,2022-03-10,8470.86
766,752,4,Internet,200,1,2023-05-24,1601.81
767,570,3,Wavelength,100,1,2021-02-17,831.05
768,308,1,Ethernet,10000,1,2025-08-10,38074.07
769,542,1,Wavelength,200,1,2024-08-06,518.76
770,635,3,Dark Fiber,1000,1,2024-05-02,5273.37
771,56,3,Dark Fiber,2000,1,2022-09-04,15487.2
772,768,1,Ethernet,100,1,2024-08-25,476.74
773,155,3,Ethernet,1000,1,2021-01-27,7347.93
774,766,1,Dark Fiber,2000,1,2024-01-03,5504.33
775,700,1,Internet,10000,1,2021-08-28,66651.47
776,370,2,Dark Fiber,10000,1,2021-08-17,30742.88
777,683,3,Dark Fiber,10000,1,2025-08-16,54841.36
778,436,1,Wavelength,1000,1,2024-12-12,2839.9
779,79,2,Dark Fiber,200,1,2024-01-31,1016.75
780,102,3,Internet,200,1,2023-06-13,1616.5
781,110,2,Ethernet,200,1,2025-04-11,1215.3
782,563,4,Ethernet,2000,1,2023-09-04,9152.38
783,633,2,Wavelength,1000,1,2021-04-19,5831.1
784,538,4,Internet,100,1,2024-06-22,747.35
785,466,3,Dark Fiber,1000,0,2023-10-07,2340.44
786,84,4,Wavelength,200,1,2025-06-06,812.75
787,79,3,Wavelength,500,1,2023-12-04,4249.22
788,537,2,Wavelength,10000,1,2024-03-08,71580.05
789,605,2,Dark Fiber,200,1,2023-03-14,1568.99
790,56,1,Wavelength,1000,1,2022-01-19,5608.22
791,611,3,Internet,100,0,2022-11-19,247.54
792,428,3,Wavelength,10000,1,2021-07-12,31750.5
793,473,3,Ethernet,200,1,2022-12-16,1662.01
794,724,1,Wavelength,10000,1,2024-04-16,49985.74
795,542,1,Dark Fiber,500,1,2023-05-13,3455.02
796,732,4,Dark Fiber,200,1,2025-04-12,1394.07
797,718,2,Internet,200,1,2025-02-11,1296.48
798,273,3,Internet,10000,1,2024-08-07,70825.02
799,380,3,Dark Fiber,500,1,2024-04-17,1850.86
800,427,2,Ethernet,200,1,2023-05-16,1077.07
801,149,2,Ethernet,500,1,2021-01-28,1154.47
802,584,4,Dark Fiber,10000,1,2025-06-22,63621.85
803,701,1,Dark Fiber,500,1,2021-02-13,3516.32
804,568,3,Ethernet,100,0,2024-05-05,296.42
805,353,4,Internet,2000,1,2022-02-13,9181.42
806,499,4,Wavelength,500,1,2023-12-09,2748.22
807,317,1,Wavelength,2000,1,2024-10-05,5411.04
808,11,4,Dark Fiber,2000,1,2023-04-12,16516.21
809,456,4,Internet,10000,1,2025-08-22,76956.09
810,90,1,Wavelength,500,1,2022-02-01,1467.74
811,66,4,Internet,200,1,2025-08-02,415.93
812,439,2,Internet,200,1,2021-01-24,1147.24
813,220,3,Dark Fiber,1000,1,2021-12-20,4707.29
814,726,2,Wavelength,10000,1,2022-12-29,48438.6
815,730,2,Dark Fiber,500,0,2025-03-12,3300.47
816,188,1,Ethernet,500,1,2024-03-13,1154.61
817,397,4,Internet,500,1,2021-09-02,1594.2
818,160,1,Wavelength,200,1,2021-07-14,1449.3
819,559,2,Dark Fiber,10000,1,2022-02-18,77419.93
820,327,1,Wavelength,200,1,2021-06-01,1541.89
821,614,3,Dark Fiber,1000,1,2022-10-26,5672.54
822,745,2,Wavelength,200,1,2023-03-29,846.17
823,708,4,Dark Fiber,100,1,2025-08-19,615.76
824,338,4,Internet,500,1,2023-10-06,1607.31
825,276,4,Dark Fiber,1000,1,2023-04-28,6424.28
826,352,2,Wavelength,10000,1,2025-01-10,48481.0
827,454,4,Internet,200,0,2021-02-19,1372.59
828,471,3,Internet,500,1,2023-04-02,2844.54
829,450,1,Internet,200,1,2021-11-03,535.64
830,278,4,Dark Fiber,500,1,2023-06-21,1556.57
831,684,1,Internet,1000,0,2021-08-06,8109.88
832,11,3,Internet,500,1,2025-03-01,2593.51
833,353,1,Internet,2000,0,2021-07-10,12115.21
834,264,3,Internet,1000,1,2023-02-09,7765.78
835,796,1,Dark Fiber,500,1,2021-05-22,1680.17
836,225,3,Dark Fiber,1000,1,2025-02-07,6152.41
837,42,2,Internet,200,1,2023-05-05,1268.85
838,334,3,Internet,2000,0,2022-12-08,8494.64
839,566,4,Dark Fiber,500,1,2022-12-06,1762.73
840,635,4,Wavelength,200,1,2023-08-14,1054.45
841,536,3,Ethernet,1000,1,2024-01-16,4894.91
842,789,3,Ethernet,2000,0,2023-02-13,8434.38
843,565,1,Ethernet,200,1,2024-03-06,913.97
844,137,2,Internet,10000,1,2024-08-04,62063.43
845,47,3,Dark Fiber,200,1,2023-12-16,1320.45
846,378,1,Internet,1000,1,2022-11-04,8209.85
847,417,4,Wavelength,100,1,2023-01-25,777.92
848,355,4,Dark Fiber,200,1,2021-02-13,1015.42
849,257,4,Wavelength,500,1,2024-05-28,3192.37
850,414,4,Internet,100,1,2021-09-19,208.5
851,489,4,Dark Fiber,500,1,2021-03-03,4015.24
852,734,1,Dark Fiber,100,1,2023-10-01,409.15
853,485,1,Ethernet,10000,1,2024-08-15,39381.31
854,244,4,Internet,500,1,2025-03-03,1334.04
855,297,2,Ethernet,100,0,2024-10-14,724.7
856,282,4,Ethernet,100,1,2024-09-27,581.28
857,475,4,Internet,100,1,2023-12-29,248.92
858,335,4,Dark Fiber,2000,1,2022-01-19,15762.49
859,86,4,Internet,100,0,2021-12-27,463.27
860,785,4,Ethernet,2000,1,2023-08-04,12882.77
861,548,4,Wavelength,200,1,2021-02-04,1504.39
862,186,2,Internet,2000,1,2022-08-17,13397.66
863,115,1,Wavelength,200,1,2025-01-15,1106.15
864,172,1,Ethernet,1000,1,2025-08-19,8158.96
865,449,1,Dark Fiber,100,1,2025-01-04,733.04
866,750,3,Wavelength,10000,0,2022-03-30,29425.78
867,127,4,Ethernet,200,1,2023-06-20,543.73
868,717,1,Ethernet,200,1,2021-04-07,558.78
869,647,1,Ethernet,10000,1,2022-07-01,55563.92
870,62,4,Ethernet,500,1,2024-03-03,1199.24
871,721,1,Dark Fiber,500,1,2023-02-10,1145.99
872,780,3,Dark Fiber,2000,1,2021-11-15,12416.41
873,178,4,Dark Fiber,500,1,2022-05-28,2410.89
874,218,2,Wavelength,1000,1,2025-08-27,6069.93
875,316,3,Dark Fiber,500,0,2023-08-20,4157.44
876,330,3,Wavelength,200,0,2023-06-19,433.47
877,451,2,Wavelength,2000,1,2023-04-03,7109.2
878,404,4,Wavelength,500,1,2022-01-15,4230.01
879,480,1,Dark Fiber,500,1,2022-04-15,1503.88
880,517,4,Dark Fiber,200,1,2022-09-01,1653.19
881,110,3,Internet,10000,0,2025-03-13,41765.92
882,645,3,Dark Fiber,500,1,2025-08-30,3341.51
883,391,4,Ethernet,200,1,2022-10-09,872.65
884,334,1,Dark Fiber,1000,1,2023-12-11,8228.73
885,204,1,Internet,2000,1,2021-09-15,11369.26
886,548,1,Dark Fiber,2000,1,2023-05-29,16570.64
887,193,4,Dark Fiber,500,1,2023-12-21,2410.41
888,788,2,Dark Fiber,10000,0,2025-01-14,53608.35
889,25,3,Wavelength,10000,1,2024-01-06,52110.11
890,595,2,Dark Fiber,1000,1,2025-08-25,5692.19
891,573,1,Ethernet,200,0,2022-06-06,1253.43
892,289,3,Internet,100,1,2022-05-13,540.32
893,251,3,Wavelength,2000,0,2022-01-11,13634.33
894,183,4,Internet,200,1,2022-04-19,1492.12
895,358,4,Internet,500,1,2025-01-29,3443.42
896,706,2,Ethernet,1000,1,2024-06-01,3497.11
897,308,2,Ethernet,200,1,2021-01-28,1663.44
898,561,2,Dark Fiber,200,1,2022-04-18,1352.02
899,630,4,Internet,10000,1,2025-04-06,56102.22
900,677,2,Wavelength,1000,1,2021-08-08,8023.88
901,536,3,Dark Fiber,200,1,2023-12-25,717.28
902,502,4,Ethernet,500,1,2022-05-01,1092.33
903,717,1,Dark Fiber,2000,1,2022-03-13,9302.67
904,728,4,Wavelength,1000,1,2023-09-07,5137.35
905,147,1,Internet,500,0,2023-01-21,3485.25
906,438,3,Dark Fiber,2000,1,2022-03-30,5827.64
907,422,3,Dark Fiber,200,1,2022-01-30,468.21
908,134,4,Wavelength,200,1,2024-12-29,435.25
909,550,4,Dark Fiber,100,1,2021-10-13,614.6
910,175,2,Ethernet,2000,0,2023-06-14,15984.55
911,60,2,Ethernet,500,1,2024-11-27,2486.08
912,31,1,Wavelength,500,1,2023-04-24,1529.82
913,781,4,Dark Fiber,10000,1,2021-11-09,22000.29
914,158,3,Ethernet,200,1,2021-11-18,1497.81
915,479,2,Internet,200,1,2025-01-05,1313.17
916,447,4,Dark Fiber,500,1,2021-07-12,1550.69
917,654,2,Wavelength,500,1,2021-05-03,3708.92
918,694,2,Dark Fiber,200,1,2025-04-03,804.74
919,251,1,Internet,200,1,2023-05-04,736.73
920,649,3,Ethernet,100,1,2025-05-29,505.38
921,343,4,Ethernet,1000,1,2024-03-14,6570.34
922,709,1,Internet,10000,1,2024-09-27,56354.04
923,278,4,Ethernet,10000,1,2025-01-22,47013.27
924,79,3,Ethernet,1000,0,2024-04-03,2259.76
925,698,1,Internet,100,1,2023-02-17,469.24
926,152,4,Wavelength,500,0,2024-05-30,3588.66
927,420,1,Internet,2000,0,2024-05-20,11687.44
928,269,3,Dark Fiber,200,1,2024-05-19,1024.73
929,731,4,Wavelength,500,1,2024-11-16,1060.75
930,437,4,Ethernet,2000,0,2021-02-21,9611.06
931,629,2,Ethernet,2000,1,2022-11-02,5765.76
932,534,2,Dark Fiber,100,1,2023-05-08,296.53
933,609,4,Ethernet,200,1,2025-01-09,459.84
934,551,3,Dark Fiber,2000,1,2023-03-22,16236.4
935,367,3,Wavelength,500,1,2023-10-02,1830.53
936,308,1,Ethernet,1000,1,2024-12-06,7917.89
937,16,3,Internet,100,1,2024-05-04,543.76
938,751,1,Internet,100,1,2021-04-04,418.37
939,284,1,Ethernet,10000,1,2023-05-24,50871.95
940,71,3,Dark Fiber,100,1,2021-01-13,237.0
941,617,4,Wavelength,500,1,2022-05-27,4104.33
942,120,3,Ethernet,2000,1,2022-03-14,16873.65
943,472,3,Dark Fiber,500,1,2023-07-07,1878.04
944,381,3,Wavelength,500,1,2021-12-25,3912.9
945,75,4,Wavelength,500,1,2021-01-04,2750.84
946,614,4,Wavelength,100,1,2022-07-28,577.94
947,451,3,Wavelength,10000,1,2022-09-01,38593.55
948,110,3,Ethernet,100,1,2022-06-24,657.9
949,585,4,Wavelength,200,1,2023-01-25,1105.59
950,10,1,Ethernet,2000,1,2023-05-09,4332.9
951,481,3,Internet,2000,1,2023-08-26,6810.35
952,469,2,Internet,1000,1,2023-01-24,2537.01
953,228,4,Internet,200,1,2024-10-30,694.4
954,462,2,Wavelength,500,1,2021-01-09,4153.34
955,717,1,Ethernet,2000,1,2022-07-02,8253.88
956,622,4,Ethernet,2000,1,2023-05-02,8399.53
957,666,3,Wavelength,10000,1,2023-05-25,63883.17
958,394,1,Dark Fiber,500,1,2023-01-30,1755.88
959,103,1,Internet,200,1,2022-11-06,766.77
960,305,1,Wavelength,2000,1,2023-05-04,14055.52
961,512,4,Internet,2000,1,2023-09-13,14583.33
962,536,3,Internet,200,1,2024-11-25,676.89
963,92,1,Wavelength,100,1,2021-03-25,554.58
964,89,1,Ethernet,2000,0,2023-07-15,7776.25
965,23,4,Wavelength,10000,1,2024-06-27,27856.12
966,562,3,Ethernet,10000,1,2023-03-05,44088.23
967,230,3,Internet,10000,1,2023-07-07,27742.63
968,258,4,Internet,1000,1,2022-09-16,4813.52
969,697,2,Dark Fiber,500,1,2025-03-18,1274.59
970,221,3,Internet,2000,1,2022-07-06,12095.95
971,149,2,Internet,200,1,2022-07-03,847.97
972,602,4,Dark Fiber,2000,0,2021-05-28,6148.86
973,741,2,Internet,2000,1,2024-04-26,14631.46
974,3,3,Wavelength,100,0,2023-04-27,581.47
975,351,4,Dark Fiber,200,0,2022-11-24,518.18
976,258,4,Internet,2000,1,2023-09-09,12657.07
977,494,4,Ethernet,500,1,2023-01-06,2606.8
978,237,3,Wavelength,200,0,2024-08-14,940.7
979,437,2,Dark Fiber,200,1,2022-06-09,1428.27
980,576,1,Internet,10000,1,2025-06-02,66154.49
981,200,2,Internet,100,1,2021-12-15,506.54
982,692,4,Internet,2000,1,2021-05-27,11865.61
983,46,2,Internet,2000,1,2024-03-03,16020.68
984,724,4,Wavelength,500,1,2021-09-28,2709.66
985,708,4,Wavelength,100,1,2022-11-11,380.1
986,725,4,Internet,1000,1,2022-05-06,7767.0
987,400,2,Internet,100,0,2022-02-24,452.86
988,545,2,Internet,1000,1,2022-08-10,7303.13
989,493,3,Internet,100,1,2021-12-04,545.22
990,271,2,Internet,200,1,2024-03-15,1245.09
991,736,1,Ethernet,500,1,2022-04-26,2890.84
992,427,2,Wavelength,100,1,2021-11-23,762.6
993,684,3,Wavelength,1000,1,2024-11-18,7671.06
994,148,1,Internet,200,1,2025-01-15,1576.26
995,116,3,Dark Fiber,2000,1,2022-02-13,8179.21
996,360,4,Dark Fiber,2000,1,2024-09-14,10511.79
997,442,1,Wavelength,500,1,2023-11-12,2168.55
998,708,2,Ethernet,500,1,2025-05-09,1629.45
999,110,3,Wavelength,2000,1,2021-12-18,13699.05
1000,704,4,Dark Fiber,2000,1,2023-11-16,5660.02
1001,248,3,Ethernet,500,1,2024-09-12,2009.79
1002,168,2,Dark Fiber,2000,0,2025-05-21,4922.5
1003,185,2,Ethernet,1000,1,2021-08-16,7241.16
1004,234,4,Internet,2000,1,2022-05-14,9252.52
1005,646,4,Wavelength,2000,1,2022-01-14,10859.76
1006,355,2,Internet,100,1,2025-02-28,472.64
1007,309,4,Ethernet,1000,1,2024-11-17,4076.18
1008,234,1,Ethernet,1000,1,2025-05-12,5717.32
1009,718,1,Internet,10000,1,2025-02-07,41426.42
1010,248,4,Dark Fiber,500,1,2025-02-25,3631.45
1011,657,3,Wavelength,1000,0,2025-02-26,7261.94
1012,546,1,Wavelength,2000,1,2022-08-01,16812.07
1013,712,4,Dark Fiber,2000,1,2024-03-06,15207.5
1014,141,3,Internet,500,1,2024-11-06,2723.34
1015,409,4,Ethernet,100,1,2025-03-12,382.35
1016,646,3,Internet,500,1,2023-05-27,1076.3
1017,158,1,Dark Fiber,100,1,2022-07-22,261.53
1018,321,4,Ethernet,200,1,2021-09-27,1276.84
1019,599,4,Wavelength,200,1,2021-08-20,1211.87
1020,350,1,Dark Fiber,200,1,2021-07-28,645.3
1021,475,2,Dark Fiber,200,0,2025-04-13,1442.89
1022,612,4,Dark Fiber,2000,1,2022-03-09,10037.93
1023,294,2,Wavelength,200,1,2021-08-03,1188.14
1024,702,4,Wavelength,1000,1,2023-03-01,5934.51
1025,676,4,Wavelength,1000,1,2023-03-27,3446.2
1026,690,2,Dark Fiber,1000,1,2022-03-26,6162.64
1027,109,4,Internet,200,1,2024-02-03,1182.27
1028,353,3,Internet,2000,0,2023-04-09,8267.02
1029,629,1,Dark Fiber,200,1,2024-06-27,845.27
1030,645,2,Dark Fiber,1000,1,2023-01-19,4757.02
1031,679,3,Wavelength,10000,1,2023-08-04,51495.32
1032,448,4,Dark Fiber,100,1,2021-01-26,505.88
1033,302,2,Internet,2000,1,2024-10-01,13129.76
1034,539,4,Dark Fiber,10000,1,2024-06-14,47405.8
1035,220,2,Internet,10000,1,2024-03-10,82631.6
1036,552,4,Wavelength,1000,1,2023-08-12,4228.45
1037,249,1,Wavelength,100,1,2022-07-26,459.94
1038,447,4,Internet,200,1,2024-01-05,1353.56
1039,545,3,Wavelength,1000,1,2022-06-21,4235.02
1040,334,1,Internet,10000,1,2024-02-07,31411.42
1041,723,3,Internet,2000,1,2021-06-29,5275.84
1042,311,2,Dark Fiber,10000,0,2025-06-03,70978.48
1043,232,2,Internet,1000,0,2021-07-03,5015.49
1044,321,2,Wavelength,500,0,2022-12-19,1886.47
1045,194,3,Wavelength,1000,1,2024-07-19,5643.91
1046,695,2,Dark Fiber,500,1,2024-06-09,3698.54
1047,658,1,Internet,1000,1,2024-08-01,6537.14
1048,558,1,Internet,500,1,2022-12-04,2092.23
1049,605,1,Ethernet,100,1,2021-09-12,524.73
1050,452,1,Dark Fiber,1000,1,2022-04-03,2327.63
1051,591,4,Internet,10000,0,2022-09-21,35185.55
1052,283,2,Wavelength,500,1,2023-07-13,2969.17
1053,678,4,Dark Fiber,500,1,2024-09-26,2739.31
1054,678,1,Wavelength,10000,1,2024-07-22,47015.88
1055,44,2,Wavelength,100,1,2021-12-14,255.69
1056,81,3,Wavelength,10000,1,2022-08-19,38581.24
1057,528,3,Wavelength,200,1,2024-04-02,951.04
1058,640,1,Ethernet,1000,1,2024-02-10,3696.49
1059,530,4,Internet,500,1,2024-08-05,1748.86
1060,127,1,Dark Fiber,2000,1,2023-06-04,8568.43
1061,296,4,Internet,2000,1,2025-03-11,9034.82
1062,129,4,Wavelength,10000,1,2025-01-12,25166.11
1063,318,2,Dark Fiber,10000,1,2021-01-10,75461.11
1064,89,2,Internet,1000,1,2024-10-03,2352.19
1065,610,2,Wavelength,1000,1,2024-05-28,5809.97
1066,619,2,Internet,2000,0,2025-03-15,8127.36
1067,722,2,Ethernet,1000,1,2022-04-21,5309.75
1068,42,1,Internet,100,1,2024-03-01,263.44
1069,358,2,Internet,2000,1,2025-02-09,13075.78
1070,734,3,Dark Fiber,100,1,2023-02-15,267.88
1071,415,4,Ethernet,10000,1,2022-07-06,30562.55
1072,588,4,Wavelength,100,1,2025-02-12,667.9
1073,480,2,Ethernet,500,1,2025-07-10,2117.04
1074,89,2,Wavelength,100,0,2021-10-29,303.89
1075,671,3,Wavelength,200,1,2025-06-29,963.86
1076,252,2,Ethernet,10000,1,2023-04-30,35290.67
1077,438,2,Ethernet,1000,1,2021-12-22,6438.25
1078,381,2,Wavelength,2000,0,2023-12-15,13507.46
1079,239,1,Wavelength,500,1,2023-09-17,1602.51
1080,741,1,Internet,10000,1,2021-03-27,28981.33
1081,212,2,Dark Fiber,2000,1,2022-01-13,16554.93
1082,377,3,Internet,100,1,2022-07-15,711.94
1083,136,2,Wavelength,1000,1,2024-01-12,6936.76
1084,570,4,Wavelength,1000,1,2021-10-01,3295.41
1085,477,1,Wavelength,10000,1,2023-08-07,49834.67
1086,645,3,Wavelength,2000,1,2025-07-02,12429.8
1087,502,1,Internet,1000,1,2023-10-01,3544.95
1088,396,2,Ethernet,100,1,2022-05-20,718.25
1089,691,2,Dark Fiber,500,1,2025-03-29,1003.16
1090,351,2,Wavelength,200,1,2023-06-16,757.56
1091,634,4,Internet,500,1,2022-03-22,2398.17
1092,178,1,Ethernet,500,1,2023-08-11,2628.19
1093,111,3,Wavelength,2000,1,2023-11-02,6836.48
1094,4,4,Dark Fiber,2000,1,2024-11-13,5679.6
1095,647,4,Internet,100,1,2021-10-18,797.86
1096,317,4,Ethernet,500,1,2022-07-25,3062.91
1097,197,2,Ethernet,10000,1,2021-12-02,72405.38
1098,461,2,Internet,500,1,2021-08-05,3660.45
1099,703,1,Internet,10000,0,2024-09-20,29146.82
1100,493,3,Ethernet,10000,1,2023-09-19,53929.01
1101,662,3,Internet,100,1,2021-05-02,492.68
1102,287,4,Ethernet,10000,1,2025-08-20,81674.23
1103,115,4,Ethernet,200,0,2022-06-27,1271.18
1104,595,3,Ethernet,100,1,2024-09-08,544.3
1105,554,4,Wavelength,1000,1,2025-04-23,6251.34
1106,649,2,Ethernet,100,1,2024-06-21,781.08
1107,722,1,Wavelength,2000,1,2024-08-16,16311.96
1108,36,1,Internet,100,1,2021-07-05,665.95
1109,396,1,Ethernet,1000,0,2022-04-20,7468.21
1110,774,3,Ethernet,100,1,2022-02-17,618.56
1111,454,4,Wavelength,100,1,2023-04-23,431.77
1112,602,4,Dark Fiber,200,1,2023-04-27,1543.0
1113,24,4,Internet,1000,1,2023-07-12,2249.69
1114,228,3,Dark Fiber,100,1,2025-07-08,790.33
1115,532,2,Internet,2000,0,2024-05-16,6342.36
1116,210,4,Ethernet,500,1,2023-09-17,2271.72
1117,591,3,Ethernet,200,1,2023-02-26,1254.53
1118,147,3,Ethernet,10000,1,2024-08-03,77752.49
1119,108,1,Ethernet,2000,1,2022-11-05,16699.95
1120,362,1,Wavelength,500,0,2021-05-05,1778.23
1121,187,4,Dark Fiber,200,1,2024-11-30,841.88
1122,345,2,Wavelength,200,1,2025-03-29,958.84
1123,238,3,Wavelength,2000,1,2024-10-02,14053.69
1124,241,3,Internet,2000,1,2025-03-03,9769.13
1125,712,2,Internet,10000,1,2021-01-11,42694.96
1126,74,4,Internet,200,1,2022-08-04,462.88
1127,177,2,Wavelength,200,1,2022-06-01,762.94
1128,677,2,Dark Fiber,2000,1,2023-01-15,5818.59
1129,546,2,Wavelength,100,1,2022-04-13,366.37
1130,41,3,Wavelength,2000,1,2021-03-12,13411.54
1131,736,3,Wavelength,1000,1,2021-03-03,4686.54
1132,403,4,Ethernet,1000,1,2021-07-24,6165.54
1133,33,1,Ethernet,500,1,2024-05-07,3957.97
1134,41,1,Ethernet,1000,1,2025-06-11,5210.63
1135,199,1,Ethernet,2000,1,2021-10-10,11060.26
1136,463,1,Ethernet,200,0,2023-01-17,1025.12
1137,158,3,Internet,500,1,2025-03-16,3036.92
1138,263,1,Ethernet,500,1,2025-05-23,2371.85
1139,741,1,Ethernet,10000,1,2021-12-21,79099.79
1140,591,1,Ethernet,1000,1,2025-03-03,2032.03
1141,361,3,Wavelength,200,0,2023-06-20,974.64
1142,701,1,Ethernet,2000,1,2024-09-21,11544.97
1143,50,1,Ethernet,10000,1,2021-08-29,73462.85
1144,697,1,Wavelength,2000,1,2024-05-04,15064.7
1145,166,3,Ethernet,2000,1,2021-06-25,11252.67
1146,575,4,Wavelength,2000,1,2023-06-02,14767.67
1147,276,3,Ethernet,2000,1,2021-01-21,6567.12
1148,67,3,Ethernet,200,1,2024-08-27,409.86
1149,27,3,Internet,100,1,2021-02-18,224.93
1150,212,3,Wavelength,100,1,2024-12-06,339.18
1151,93,3,Internet,200,1,2022-09-28,549.37
1152,730,2,Internet,200,0,2022-04-03,1202.47
1153,337,3,Internet,1000,1,2022-10-30,5261.89
1154,271,1,Dark Fiber,200,1,2025-07-20,1675.68
1155,561,3,Internet,500,1,2025-05-20,2647.51
1156,261,3,Dark Fiber,2000,1,2023-07-12,10885.67
1157,324,2,Wavelength,1000,1,2021-09-26,4866.63
1158,250,1,Dark Fiber,2000,1,2022-09-14,14372.07
1159,466,2,Ethernet,10000,1,2021-09-11,47326.55
1160,416,2,Internet,1000,1,2025-08-13,4755.93
1161,540,4,Ethernet,500,0,2023-09-06,1197.11
1162,264,2,Wavelength,200,1,2024-07-04,1354.44
1163,126,1,Ethernet,100,1,2024-12-14,200.27
1164,179,2,Internet,500,1,2025-05-26,3919.65
1165,727,2,Dark Fiber,100,1,2021-11-09,749.93
1166,19,3,Wavelength,200,1,2023-03-30,1500.1
1167,749,3,Ethernet,100,1,2022-07-11,411.75
1168,634,1,Dark Fiber,500,0,2021-07-14,1333.97
1169,589,2,Dark Fiber,200,1,2021-04-28,871.85
1170,302,2,Ethernet,200,1,2025-01-07,751.78
1171,141,3,Wavelength,500,1,2024-05-25,2857.58
1172,733,2,Dark Fiber,200,1,2022-01-07,1069.95
1173,410,4,Wavelength,200,1,2024-01-26,559.48
1174,745,1,Internet,200,1,2021-09-12,1588.27
1175,546,4,Dark Fiber,500,1,2021-12-07,2225.08
1176,572,4,Dark Fiber,100,1,2021-09-12,663.19
1177,4,3,Internet,200,1,2023-08-11,794.74
1178,406,4,Dark Fiber,100,1,2021-11-14,201.51
1179,647,4,Dark Fiber,10000,1,2022-06-11,28755.61
1180,749,1,Dark Fiber,200,1,2025-02-25,1259.75
1181,38,3,Wavelength,1000,1,2022-10-23,7420.33
1182,87,4,Ethernet,1000,1,2025-04-07,8157.67
1183,208,2,Ethernet,200,1,2021-12-19,732.72
1184,424,4,Dark Fiber,1000,1,2021-03-14,7344.71
1185,326,1,Internet,1000,1,2023-09-14,6411.36
1186,450,4,Dark Fiber,2000,1,2021-02-13,16882.29
1187,698,3,Wavelength,500,1,2021-09-27,2469.99
1188,699,3,Dark Fiber,200,0,2024-05-27,1119.98
1189,588,1,Internet,1000,1,2025-08-29,7053.52
1190,426,3,Wavelength,1000,1,2023-07-19,2464.02
1191,486,1,Ethernet,200,1,2021-02-02,1087.43
1192,580,4,Internet,1000,1,2021-01-02,7337.15
1193,557,3,Internet,500,1,2024-11-16,3222.04
1194,52,1,Ethernet,2000,1,2024-09-18,14331.13
1195,209,2,Dark Fiber,10000,1,2023-01-10,80438.73
1196,255,2,Ethernet,200,1,2022-01-09,1299.08
1197,544,2,Ethernet,2000,1,2021-10-20,12242.33
1198,246,2,Dark Fiber,100,0,2022-05-02,487.13
1199,159,2,Dark Fiber,500,1,2023-06-02,2360.88
1200,174,3,Internet,500,1,2021-07-05,2543.3
1201,218,3,Internet,500,1,2023-09-10,1647.98
1202,777,3,Dark Fiber,2000,1,2023-05-26,11702.73
1203,537,1,Wavelength,200,1,2022-01-07,586.03
1204,213,4,Wavelength,1000,0,2021-07-30,8460.24
1205,170,2,Internet,2000,1,2023-09-13,13011.9
1206,510,3,Dark Fiber,500,1,2022-03-11,1878.06
1207,164,3,Wavelength,10000,1,2022-08-19,36890.87
1208,204,2,Wavelength,1000,1,2022-04-24,7506.61
1209,452,2,Ethernet,200,1,2021-12-16,1552.72
1210,243,1,Dark Fiber,500,1,2023-05-20,1288.96
1211,431,3,Ethernet,10000,1,2021-04-09,45121.01
1212,213,2,Ethernet,10000,1,2023-04-11,37798.0
1213,184,3,Ethernet,10000,1,2022-12-23,73848.42
1214,451,2,Dark Fiber,2000,1,2023-01-13,13819.04
1215,762,2,Dark Fiber,10000,1,2022-02-06,67235.99
1216,224,2,Wavelength,500,1,2025-07-13,1981.59
1217,736,4,Dark Fiber,1000,1,2023-10-31,5381.13
1218,725,4,Wavelength,500,1,2024-12-22,3197.48
1219,565,2,Dark Fiber,1000,0,2023-02-11,3665.19
1220,282,1,Wavelength,100,1,2025-04-24,292.06
1221,606,3,Wavelength,200,1,2021-06-12,891.33
1222,413,1,Dark Fiber,1000,1,2022-07-09,7780.74
1223,311,2,Dark Fiber,1000,1,2025-01-01,5637.44
1224,235,3,Wavelength,10000,1,2021-01-17,76104.4
1225,578,2,Wavelength,500,0,2021-07-23,1471.56
1226,16,4,Dark Fiber,2000,1,2024-03-11,5892.01
1227,386,2,Wavelength,100,1,2024-03-22,711.35
1228,177,3,Dark Fiber,500,1,2022-09-05,1332.78
1229,343,1,Wavelength,10000,0,2022-08-26,82153.98
1230,651,2,Internet,10000,1,2021-03-11,67670.0
1231,26,2,Dark Fiber,2000,1,2024-08-27,14333.92
1232,286,3,Dark Fiber,10000,1,2023-08-18,68407.61
1233,580,2,Wavelength,200,1,2024-10-10,552.87
1234,121,3,Ethernet,500,1,2022-08-27,1076.37
1235,762,2,Internet,2000,1,2022-12-24,6576.01
1236,68,1,Wavelength,100,1,2025-04-14,417.58
1237,248,4,Dark Fiber,2000,1,2023-02-02,6164.01
1238,294,1,Internet,1000,0,2021-03-04,8182.28
1239,616,1,Dark Fiber,200,1,2021-11-12,627.05
1240,211,1,Ethernet,10000,1,2024-01-28,84247.84
1241,52,3,Ethernet,200,1,2022-02-09,502.83
1242,151,4,Internet,2000,1,2022-01-19,11852.78
1243,488,2,Dark Fiber,2000,1,2021-11-04,8382.02
1244,171,4,Dark Fiber,2000,1,2022-08-29,15011.81
1245,4,3,Wavelength,100,1,2023-07-30,559.2
1246,170,3,Dark Fiber,10000,1,2024-10-01,71083.11
1247,568,2,Wavelength,100,1,2025-02-19,745.32
1248,353,2,Internet,10000,1,2022-12-20,75314.86
1249,172,2,Internet,2000,1,2022-02-24,8146.43
1250,15,1,Dark Fiber,200,1,2022-02-18,804.39
1251,103,4,Wavelength,2000,1,2022-02-08,13090.37
1252,342,2,Ethernet,2000,0,2024-05-24,13490.48
1253,151,1,Internet,200,0,2021-08-17,557.45
1254,371,3,Dark Fiber,1000,1,2024-09-08,3263.42
1255,440,2,Wavelength,1000,1,2023-02-24,7280.24
1256,254,1,Dark Fiber,500,1,2025-02-20,3349.39
1257,703,1,Dark Fiber,100,1,2023-04-22,682.6
1258,726,2,Dark Fiber,1000,1,2024-01-01,3209.19
1259,418,3,Dark Fiber,100,1,2023-06-01,575.2
1260,415,3,Dark Fiber,500,1,2022-03-31,2969.13
1261,140,4,Dark Fiber,2000,1,2021-01-25,10977.29
1262,650,4,Internet,200,1,2021-11-07,609.07
1263,776,4,Wavelength,100,1,2021-04-21,735.82
1264,94,3,Internet,200,1,2024-05-12,565.2
1265,199,3,Internet,100,1,2025-07-31,523.57
1266,653,4,Ethernet,10000,1,2022-04-05,60244.63
1267,478,3,Dark Fiber,100,1,2025-07-14,790.13
1268,366,2,Dark Fiber,100,1,2021-02-01,611.98
1269,94,2,Dark Fiber,1000,1,2024-05-13,2783.18
1270,519,3,Wavelength,1000,1,2023-08-07,2800.9
1271,604,4,Wavelength,2000,1,2025-03-15,4253.18
1272,171,2,Dark Fiber,100,1,2022-05-20,409.54
1273,600,4,Ethernet,10000,1,2023-01-14,60137.64
1274,510,3,Dark Fiber,500,1,2022-12-18,3222.36
1275,162,3,Dark Fiber,2000,0,2024-05-07,5501.85
1276,765,1,Wavelength,1000,1,2023-01-06,2756.79
1277,103,4,Ethernet,2000,1,2021-09-14,13979.1
1278,266,4,Internet,500,1,2023-10-24,1499.87
1279,334,3,Internet,100,1,2022-02-17,345.63
1280,707,4,Wavelength,200,1,2021-06-10,668.15
1281,536,3,Wavelength,200,1,2022-11-08,562.69
1282,373,4,Dark Fiber,1000,1,2022-05-07,8144.79
1283,685,3,Ethernet,1000,1,2021-03-21,6909.59
1284,405,3,Wavelength,100,1,2023-08-01,587.07
1285,594,4,Dark Fiber,200,1,2022-03-28,1617.31
1286,189,2,Wavelength,2000,1,2025-06-18,15581.65
1287,782,3,Internet,500,1,2023-11-18,3884.65
1288,5,4,Ethernet,2000,1,2022-06-29,6082.81
1289,526,4,Wavelength,200,1,2021-11-09,1005.75
1290,459,4,Ethernet,100,1,2023-02-25,274.28
1291,199,2,Wavelength,10000,0,2023-12-16,33024.05
1292,197,4,Wavelength,100,1,2023-11-27,650.34
1293,117,1,Ethernet,1000,1,2024-06-15,8336.87
1294,586,1,Internet,2000,1,2023-07-04,11868.02
1295,571,4,Ethernet,2000,1,2022-12-07,6234.63
1296,662,4,Dark Fiber,2000,1,2023-04-27,6969.75
1297,645,4,Dark Fiber,500,1,2021-01-06,3997.48
1298,60,2,Wavelength,1000,1,2023-12-04,3727.11
1299,721,1,Dark Fiber,1000,1,2022-10-24,4493.61
1300,611,2,Wavelength,1000,1,2021-11-09,2778.44
1301,520,3,Ethernet,1000,1,2021-04-22,6100.99
1302,268,3,Dark Fiber,100,1,2022-12-08,492.33
1303,153,2,Ethernet,2000,1,2024-08-25,12958.55
1304,319,1,Dark Fiber,200,1,2024-01-11,1660.54
1305,227,4,Wavelength,500,1,2022-01-28,3187.26
1306,380,3,Wavelength,2000,1,2024-06-18,16384.76
1307,59,3,Internet,100,1,2023-12-12,520.82
1308,541,3,Wavelength,100,1,2024-10-09,766.9
1309,72,3,Wavelength,100,1,2023-12-29,352.91
1310,30,4,Internet,2000,1,2022-05-22,14937.46
1311,615,1,Ethernet,1000,1,2021-02-12,4448.92
1312,636,4,Wavelength,1000,1,2025-01-30,3826.08
1313,164,1,Dark Fiber,2000,1,2023-12-11,7246.03
1314,455,2,Internet,500,1,2022-10-07,3174.63
1315,155,2,Internet,100,1,2022-03-09,283.6
1316,207,3,Wavelength,100,1,2024-08-02,649.95
1317,38,1,Ethernet,1000,1,2021-08-05,6115.18
1318,483,4,Wavelength,100,1,2025-07-16,305.84
1319,711,4,Internet,100,0,2025-08-03,627.46
1320,658,4,Ethernet,500,1,2023-09-03,3419.56
1321,235,4,Wavelength,10000,1,2021-01-24,65541.27
1322,274,2,Internet,10000,1,2021-04-21,21003.8
1323,76,1,Ethernet,200,1,2024-12-29,894.94
1324,552,2,Wavelength,2000,1,2022-04-03,10812.94
1325,13,4,Wavelength,100,1,2023-08-19,717.49
1326,607,4,Internet,1000,1,2023-07-03,7088.22
1327,198,3,Ethernet,1000,1,2024-04-13,2075.24
1328,451,3,Internet,500,1,2022-07-02,2942.03
1329,257,1,Ethernet,2000,1,2023-09-24,13596.43
1330,340,3,Ethernet,1000,1,2024-03-12,3885.39
1331,628,4,Ethernet,1000,1,2024-03-07,7270.31
1332,435,1,Dark Fiber,10000,0,2025-05-21,49500.86
1333,724,3,Ethernet,2000,1,2025-03-20,13539.39
1334,600,4,Wavelength,200,1,2024-09-04,466.41
1335,609,4,Dark Fiber,500,1,2022-08-19,4108.04
1336,223,2,Internet,10000,1,2023-01-24,54541.32
1337,653,4,Internet,10000,1,2023-01-15,60885.44
1338,115,2,Ethernet,10000,0,2025-07-18,42781.97
1339,530,2,Wavelength,1000,1,2021-01-19,4947.72
1340,709,3,Internet,100,1,2023-04-26,586.61
1341,232,2,Ethernet,1000,0,2023-12-20,3008.53
1342,502,3,Ethernet,500,1,2022-06-01,3401.68
1343,445,2,Wavelength,200,1,2021-08-11,1062.78
1344,14,3,Internet,500,1,2025-01-02,2792.01
1345,275,4,Dark Fiber,1000,0,2021-01-18,7060.39
1346,749,2,Ethernet,200,1,2022-11-15,572.86
1347,625,2,Wavelength,500,1,2022-06-23,3172.13
1348,700,1,Internet,500,1,2021-04-03,2030.55
1349,731,1,Ethernet,2000,1,2025-05-19,10599.18
1350,163,3,Ethernet,1000,1,2025-03-02,2366.73
1351,206,3,Internet,200,1,2021-11-04,1623.02
1352,578,2,Wavelength,2000,1,2023-02-07,13142.49
1353,541,1,Internet,1000,0,2021-06-29,2761.59
1354,749,3,Dark Fiber,200,1,2023-11-15,638.75
1355,762,4,Dark Fiber,1000,1,2024-12-28,4751.86
1356,647,2,Wavelength,500,1,2022-11-26,3813.88
1357,693,1,Internet,200,1,2023-03-03,746.65
1358,101,1,Ethernet,200,1,2022-10-19,1496.28
1359,162,1,Dark Fiber,100,1,2022-02-14,843.49
1360,147,1,Ethernet,10000,1,2025-07-27,38596.34
1361,149,3,Internet,2000,1,2024-12-13,8233.42
1362,388,1,Ethernet,10000,1,2021-06-15,35139.72
1363,307,2,Wavelength,10000,0,2022-11-21,53259.63
1364,663,3,Dark Fiber,100,0,2024-01-27,814.22
1365,456,3,Wavelength,1000,1,2021-06-02,4381.65
1366,787,4,Internet,10000,1,2024-02-20,79477.51
1367,798,4,Wavelength,2000,1,2021-04-24,10436.68
1368,119,3,Dark Fiber,2000,1,2024-02-26,14060.34
1369,745,3,Dark Fiber,500,1,2023-12-16,3591.97
1370,585,1,Internet,200,1,2025-04-25,1695.88
1371,770,3,Ethernet,200,1,2025-03-08,1155.47
1372,180,1,Ethernet,200,1,2022-02-02,1296.83
1373,327,4,Internet,500,1,2021-11-27,1388.29
1374,274,1,Wavelength,1000,1,2024-12-14,5244.85
1375,64,4,Dark Fiber,2000,0,2022-11-21,16913.88
1376,66,1,Internet,10000,1,2023-11-01,33127.12
1377,711,2,Ethernet,200,0,2023-08-04,468.46
1378,645,2,Dark Fiber,500,1,2021-05-10,2786.81
1379,327,3,Dark Fiber,2000,0,2021-12-26,5874.16
1380,757,1,Dark Fiber,200,1,2021-09-09,1528.8
1381,357,1,Wavelength,1000,1,2021-05-13,7168.18
1382,443,2,Dark Fiber,200,1,2025-01-05,470.21
1383,172,4,Dark Fiber,2000,1,2021-02-09,6289.73
1384,41,1,Ethernet,1000,1,2023-05-14,3619.17
1385,684,1,Wavelength,200,1,2021-04-21,1022.26
1386,133,2,Dark Fiber,1000,1,2021-10-29,2085.84
1387,508,1,Wavelength,10000,1,2025-07-28,54720.92
1388,611,2,Dark Fiber,2000,1,2022-07-04,14516.44
1389,257,1,Dark Fiber,10000,1,2025-01-31,50630.96
1390,223,3,Dark Fiber,2000,1,2022-11-18,16862.71
1391,180,1,Ethernet,100,0,2025-08-27,337.49
1392,101,1,Internet,100,1,2023-01-04,342.29
1393,783,3,Dark Fiber,500,1,2022-05-25,4048.81
1394,156,4,Ethernet,200,1,2023-06-23,1408.92
1395,624,2,Wavelength,10000,0,2024-04-03,43072.52
1396,425,2,Ethernet,500,1,2025-07-22,3816.14
1397,94,2,Dark Fiber,2000,1,2023-11-20,16129.21
1398,437,2,Wavelength,1000,1,2021-11-06,3959.73
1399,390,2,Wavelength,200,0,2024-12-30,885.63
1400,378,1,Wavelength,500,1,2024-08-19,2740.05
1401,473,1,Internet,2000,1,2023-05-21,11105.75
1402,479,3,Dark Fiber,10000,1,2022-07-08,62602.92
1403,18,2,Wavelength,2000,1,2022-06-02,9642.68
1404,20,2,Internet,100,1,2022-11-28,235.86
1405,566,2,Ethernet,2000,1,2022-10-05,16265.11
1406,362,4,Wavelength,200,1,2021-06-14,1099.09
1407,434,2,Internet,2000,1,2021-06-17,6427.68
1408,299,2,Wavelength,10000,1,2024-10-10,37596.81
1409,199,2,Dark Fiber,2000,1,2024-04-14,10348.33
1410,54,3,Dark Fiber,1000,1,2021-03-09,4582.84
1411,388,3,Ethernet,100,1,2024-08-24,399.63
1412,266,4,Internet,10000,1,2023-10-27,39651.18
1413,275,1,Dark Fiber,10000,1,2022-09-17,43241.01
1414,786,4,Wavelength,2000,1,2021-09-14,11098.34
1415,215,4,Internet,100,1,2024-04-23,490.16
1416,109,3,Wavelength,1000,1,2023-09-19,5817.42
1417,37,1,Internet,100,1,2022-02-14,351.11
1418,629,1,Wavelength,200,1,2023-06-30,1682.56
1419,170,2,Dark Fiber,100,0,2025-02-18,672.4
1420,796,1,Wavelength,1000,1,2025-04-15,5410.39
1421,569,3,Internet,100,1,2022-04-23,754.77
1422,536,1,Dark Fiber,200,1,2025-03-21,961.25
1423,737,3,Ethernet,10000,1,2022-08-13,22168.79
1424,773,2,Ethernet,10000,1,2024-06-02,32436.57
1425,76,2,Internet,100,1,2021-10-15,541.31
1426,697,1,Internet,200,1,2024-08-14,476.18
1427,18,1,Internet,100,1,2023-10-19,297.68
1428,49,4,Internet,500,1,2022-01-29,1567.02
1429,623,1,Internet,10000,1,2023-01-14,29331.84
1430,670,1,Ethernet,200,1,2025-01-03,1685.73
1431,273,4,Ethernet,10000,0,2021-02-10,84933.6
1432,563,1,Dark Fiber,2000,1,2023-02-28,9185.73
1433,65,3,Wavelength,10000,0,2025-05-16,65853.59
1434,23,4,Dark Fiber,1000,0,2021-12-10,2407.99
1435,469,4,Dark Fiber,200,1,2021-11-09,1318.71
1436,700,1,Ethernet,200,0,2024-02-29,491.05
1437,290,3,Internet,10000,0,2021-05-06,72443.9
1438,212,2,Ethernet,1000,1,2023-10-26,5888.89
1439,586,3,Ethernet,200,1,2024-04-10,539.46
1440,10,1,Dark Fiber,2000,1,2023-08-10,16502.13
1441,193,2,Internet,2000,1,2024-12-08,9245.79
1442,512,4,Wavelength,10000,1,2025-08-08,23944.97
1443,503,1,Ethernet,200,1,2023-10-15,645.13
1444,394,4,Ethernet,200,1,2022-09-08,1200.56
1445,73,3,Wavelength,2000,1,2021-08-05,15617.74
1446,633,2,Dark Fiber,100,1,2023-07-11,631.34
1447,599,2,Dark Fiber,10000,1,2021-04-29,39608.78
1448,222,4,Wavelength,10000,1,2023-05-10,24054.43
1449,167,1,Dark Fiber,500,1,2023-02-21,2869.36
1450,349,4,Ethernet,1000,1,2023-09-08,4705.28
1451,272,2,Ethernet,10000,1,2021-12-07,39420.59
1452,362,3,Dark Fiber,1000,1,2023-01-08,7637.24
1453,133,2,Dark Fiber,200,1,2021-03-11,1005.4
1454,460,4,Wavelength,1000,1,2024-10-18,8307.8
1455,396,2,Wavelength,100,1,2021-10-09,742.54
1456,589,4,Wavelength,10000,1,2021-04-15,74329.24
1457,685,1,Dark Fiber,10000,1,2021-04-11,50903.41
1458,438,3,Ethernet,2000,1,2022-04-07,16792.99
1459,527,4,Internet,10000,1,2022-05-02,52721.1
1460,39,3,Ethernet,1000,1,2022-09-17,7133.55
1461,482,2,Ethernet,500,1,2022-08-30,3016.42
1462,773,1,Wavelength,1000,1,2022-01-27,6262.59
1463,298,2,Wavelength,1000,1,2022-09-21,3547.19
1464,684,1,Wavelength,500,0,2024-03-23,3341.85
1465,739,1,Ethernet,1000,0,2021-02-21,8386.11
1466,466,1,Dark Fiber,500,1,2022-01-21,3291.41
1467,411,2,Dark Fiber,500,1,2021-04-17,1507.24
1468,106,1,Dark Fiber,500,1,2021-12-09,3740.45
1469,145,2,Ethernet,2000,0,2022-12-25,14847.16
1470,614,2,Internet,1000,1,2021-11-19,2224.64
1471,2,3,Ethernet,10000,1,2022-04-13,27553.21
1472,506,2,Internet,200,1,2021-07-17,493.88
1473,28,2,Wavelength,200,1,2023-09-28,1568.93
1474,195,3,Internet,100,1,2024-11-07,319.7
1475,410,2,Wavelength,10000,1,2021-04-09,36675.22
1476,735,2,Internet,10000,1,2025-05-21,63575.92
1477,798,4,Dark Fiber,10000,1,2025-01-18,56083.41
1478,278,2,Dark Fiber,2000,1,2025-05-28,16471.03
1479,774,1,Internet,200,0,2024-08-14,734.74
1480,721,4,Internet,10000,1,2021-10-26,20875.1
1481,59,2,Dark Fiber,500,0,2024-11-24,2217.68
1482,662,3,Ethernet,1000,1,2023-04-28,7653.82
1483,555,1,Ethernet,100,1,2023-06-25,675.37
1484,356,2,Wavelength,100,1,2021-02-22,478.18
1485,342,4,Dark Fiber,10000,1,2024-05-28,48675.74
1486,677,4,Dark Fiber,500,1,2022-02-04,2736.39
1487,583,4,Internet,2000,1,2021-11-28,6848.65
1488,737,1,Dark Fiber,500,1,2022-08-29,1247.62
1489,786,1,Ethernet,2000,1,2021-12-07,16803.52
1490,239,2,Wavelength,2000,1,2022-04-26,7026.47
1491,399,3,Ethernet,2000,1,2025-07-21,9126.33
1492,41,3,Wavelength,10000,1,2022-06-29,62659.26
1493,641,2,Wavelength,1000,1,2022-09-15,4428.09
1494,195,4,Internet,1000,1,2021-04-25,4601.93
1495,144,1,Internet,1000,1,2021-10-03,3113.86
1496,52,3,Dark Fiber,200,1,2024-07-18,1061.48
1497,674,1,Wavelength,100,1,2023-09-24,778.92
1498,119,1,Ethernet,10000,1,2024-03-27,50377.1
1499,218,3,Internet,500,1,2024-12-15,4162.98
1500,659,2,Internet,1000,1,2024-03-22,6629.17
