ticket_id,circuit_id,opened_ts,closed_ts,cause,downtime_minutes,sla_impact_flag
TKT-12001,1077,2025-10-11,2025-10-11 02:02:00,Config error,122,1
TKT-12002,325,2025-07-01,2025-07-01 04:44:00,Upstream provider,284,1
TKT-12003,384,2025-07-25,2025-07-25 01:46:00,Fiber cut,106,1
TKT-12004,1110,2025-10-16,2025-10-16 02:16:00,Power issue,136,1
TKT-12005,455,2025-08-07,2025-08-07 02:03:00,Config error,123,1
TKT-12006,598,2025-08-22,2025-08-22 02:24:00,Fiber cut,144,1
TKT-12007,1059,2025-08-14,2025-08-14 00:36:00,Power issue,36,1
TKT-12008,1396,2025-09-05,2025-09-05 00:13:00,Upstream provider,13,1
TKT-12009,64,2025-08-04,2025-08-04 01:02:00,Power issue,62,1
TKT-12010,133,2025-08-14,2025-08-14 02:19:00,Power issue,139,1
TKT-12011,604,2025-08-28,2025-08-28 04:25:00,Unknown,265,1
TKT-12012,913,2025-07-30,2025-07-30 03:11:00,Config error,191,1
TKT-12013,465,2025-10-17,2025-10-17 01:16:00,Unknown,76,1
TKT-12014,1229,2025-10-07,2025-10-07 01:07:00,Unknown,67,1
TKT-12015,97,2025-07-07,2025-07-07 00:40:00,Power issue,40,1
TKT-12016,1316,2025-10-13,2025-10-13 03:33:00,Upstream provider,213,1
TKT-12017,889,2025-08-08,2025-08-08 02:39:00,Config error,159,1
TKT-12018,265,2025-10-13,2025-10-13 01:49:00,Unknown,109,1
TKT-12019,531,2025-09-30,2025-09-30 00:22:00,Hardware failure,22,1
TKT-12020,1159,2025-10-24,2025-10-24 01:17:00,Upstream provider,77,1
TKT-12021,10,2025-09-10,2025-09-10 03:14:00,Power issue,194,1
TKT-12022,1453,2025-08-11,2025-08-11 00:50:00,Config error,50,1
TKT-12023,69,2025-08-20,2025-08-20 00:54:00,Fiber cut,54,1
TKT-12024,1047,2025-08-30,2025-08-30 02:10:00,Unknown,130,1
TKT-12025,994,2025-10-04,2025-10-04 02:08:00,Fiber cut,128,1
TKT-12026,453,2025-09-10,2025-09-10 01:05:00,Fiber cut,65,1
TKT-12027,453,2025-09-13,2025-09-13 04:34:00,Fiber cut,274,1
TKT-12028,986,2025-07-02,2025-07-02 01:00:00,Fiber cut,60,1
TKT-12029,364,2025-08-26,2025-08-26 01:31:00,Upstream provider,91,1
TKT-12030,783,2025-07-04,2025-07-04 00:05:00,Upstream provider,5,0
TKT-12031,1125,2025-10-22,2025-10-22 00:12:00,Unknown,12,1
TKT-12032,375,2025-09-02,2025-09-02 01:09:00,Unknown,69,1
TKT-12033,721,2025-09-12,2025-09-12 02:05:00,Hardware failure,125,1
TKT-12034,1432,2025-08-20,2025-08-20 00:41:00,Unknown,41,1
TKT-12035,830,2025-08-22,2025-08-22 01:32:00,Upstream provider,92,1
TKT-12036,1084,2025-09-01,2025-09-01 00:41:00,Fiber cut,41,1
TKT-12037,766,2025-09-09,2025-09-09 01:52:00,Fiber cut,112,1
TKT-12038,984,2025-07-26,2025-07-26 01:11:00,Power issue,71,1
TKT-12039,508,2025-09-15,2025-09-15 02:49:00,Upstream provider,169,1
TKT-12040,994,2025-08-09,2025-08-09 01:24:00,Unknown,84,1
TKT-12041,1485,2025-07-23,2025-07-23 02:32:00,Config error,152,1
TKT-12042,463,2025-10-24,2025-10-24 01:33:00,Fiber cut,93,1
TKT-12043,985,2025-10-13,2025-10-13 01:44:00,Config error,104,1
TKT-12044,190,2025-08-08,2025-08-08 00:11:00,Fiber cut,11,1
TKT-12045,810,2025-08-05,2025-08-05 01:11:00,Power issue,71,1
TKT-12046,1264,2025-08-20,2025-08-20 05:07:00,Hardware failure,307,1
TKT-12047,673,2025-09-20,2025-09-20 03:27:00,Upstream provider,207,1
TKT-12048,1415,2025-09-07,2025-09-07 00:14:00,Fiber cut,14,1
TKT-12049,738,2025-07-22,2025-07-22 00:43:00,Power issue,43,1
TKT-12050,649,2025-07-29,2025-07-29 00:45:00,Power issue,45,1
TKT-12051,1316,2025-07-10,2025-07-10 02:09:00,Unknown,129,1
TKT-12052,829,2025-09-13,2025-09-13 03:31:00,Power issue,211,1
TKT-12053,518,2025-08-27,2025-08-27 01:24:00,Power issue,84,1
TKT-12054,1438,2025-10-06,2025-10-06 04:36:00,Config error,276,1
TKT-12055,205,2025-09-03,2025-09-03 04:02:00,Config error,242,1
TKT-12056,869,2025-07-18,2025-07-18 01:52:00,Upstream provider,112,1
TKT-12057,1375,2025-07-23,2025-07-23 01:19:00,Fiber cut,79,1
TKT-12058,217,2025-07-16,2025-07-16 02:07:00,Hardware failure,127,1
TKT-12059,694,2025-07-13,2025-07-13 03:12:00,Power issue,192,1
TKT-12060,345,2025-08-23,2025-08-23 02:02:00,Fiber cut,122,1
TKT-12061,964,2025-09-12,2025-09-12 01:21:00,Hardware failure,81,1
TKT-12062,147,2025-08-29,2025-08-29 01:59:00,Config error,119,1
TKT-12063,877,2025-08-15,2025-08-15 05:07:00,Upstream provider,307,1
TKT-12064,965,2025-08-11,2025-08-11 00:23:00,Config error,23,1
TKT-12065,508,2025-07-23,2025-07-23 02:56:00,Upstream provider,176,1
TKT-12066,165,2025-09-30,2025-09-30 03:24:00,Upstream provider,204,1
TKT-12067,1117,2025-10-04,2025-10-04 04:16:00,Unknown,256,1
TKT-12068,587,2025-07-26,2025-07-26 00:56:00,Fiber cut,56,1
TKT-12069,756,2025-08-02,2025-08-02 00:54:00,Unknown,54,1
TKT-12070,1356,2025-10-21,2025-10-21 01:25:00,Hardware failure,85,1
TKT-12071,674,2025-07-22,2025-07-22 00:22:00,Unknown,22,1
TKT-12072,370,2025-07-16,2025-07-16 00:21:00,Upstream provider,21,1
TKT-12073,1183,2025-08-12,2025-08-12 02:25:00,Power issue,145,1
TKT-12074,1281,2025-07-08,2025-07-08 01:22:00,Fiber cut,82,1
TKT-12075,807,2025-09-06,2025-09-06 01:21:00,Upstream provider,81,1
TKT-12076,684,2025-10-06,2025-10-06 00:13:00,Fiber cut,13,1
TKT-12077,1431,2025-07-05,2025-07-05 01:41:00,Power issue,101,1
TKT-12078,319,2025-09-25,2025-09-25 01:31:00,Unknown,91,1
TKT-12079,507,2025-09-24,2025-09-24 01:45:00,Power issue,105,1
TKT-12080,309,2025-09-04,2025-09-04 00:48:00,Hardware failure,48,1
TKT-12081,207,2025-10-30,2025-10-30 00:51:00,Power issue,51,1
TKT-12082,1298,2025-10-26,2025-10-26 00:16:00,Unknown,16,1
TKT-12083,504,2025-08-12,2025-08-12 00:17:00,Upstream provider,17,1
TKT-12084,1450,2025-08-12,2025-08-12 02:40:00,Power issue,160,1
TKT-12085,1084,2025-07-14,2025-07-14 00:22:00,Fiber cut,22,1
TKT-12086,415,2025-07-18,2025-07-18 00:05:00,Config error,5,0
TKT-12087,1126,2025-09-28,2025-09-28 01:24:00,Hardware failure,84,1
TKT-12088,867,2025-10-08,2025-10-08 02:15:00,Unknown,135,1
TKT-12089,1245,2025-08-15,2025-08-15 00:50:00,Hardware failure,50,1
TKT-12090,1447,2025-10-06,2025-10-06 00:58:00,Hardware failure,58,1
TKT-12091,1331,2025-07-20,2025-07-20 00:05:00,Hardware failure,5,0
TKT-12092,241,2025-08-28,2025-08-28 06:46:00,Hardware failure,406,1
TKT-12093,1231,2025-10-07,2025-10-07 01:47:00,Fiber cut,107,1
TKT-12094,1323,2025-10-28,2025-10-28 04:45:00,Upstream provider,285,1
TKT-12095,55,2025-07-01,2025-07-01 01:27:00,Power issue,87,1
TKT-12096,131,2025-08-21,2025-08-21 03:28:00,Power issue,208,1
TKT-12097,1082,2025-10-15,2025-10-15 00:05:00,Unknown,5,0
TKT-12098,1074,2025-10-30,2025-10-30 01:56:00,Unknown,116,1
TKT-12099,207,2025-08-12,2025-08-12 00:20:00,Upstream provider,20,1
TKT-12100,326,2025-08-18,2025-08-18 00:54:00,Config error,54,1
TKT-12101,1406,2025-09-16,2025-09-16 02:32:00,Unknown,152,1
TKT-12102,337,2025-07-21,2025-07-21 02:49:00,Upstream provider,169,1
TKT-12103,281,2025-08-19,2025-08-19 06:35:00,Upstream provider,395,1
TKT-12104,72,2025-08-29,2025-08-29 02:15:00,Hardware failure,135,1
TKT-12105,1202,2025-07-14,2025-07-14 01:30:00,Hardware failure,90,1
TKT-12106,242,2025-10-25,2025-10-25 02:15:00,Power issue,135,1
TKT-12107,975,2025-10-06,2025-10-06 00:49:00,Unknown,49,1
TKT-12108,1213,2025-08-16,2025-08-16 02:49:00,Power issue,169,1
TKT-12109,1250,2025-10-05,2025-10-05 00:12:00,Hardware failure,12,1
TKT-12110,1296,2025-10-16,2025-10-16 02:53:00,Config error,173,1
TKT-12111,801,2025-10-06,2025-10-06 00:14:00,Unknown,14,1
TKT-12112,1107,2025-10-26,2025-10-26 03:30:00,Hardware failure,210,1
TKT-12113,1433,2025-10-11,2025-10-11 01:53:00,Fiber cut,113,1
TKT-12114,200,2025-10-08,2025-10-08 01:24:00,Unknown,84,1
TKT-12115,1453,2025-10-24,2025-10-24 01:43:00,Power issue,103,1
TKT-12116,129,2025-10-04,2025-10-04 04:04:00,Power issue,244,1
TKT-12117,205,2025-07-04,2025-07-04 01:56:00,Config error,116,1
TKT-12118,818,2025-07-22,2025-07-22 07:05:00,Hardware failure,425,1
TKT-12119,789,2025-08-13,2025-08-13 02:49:00,Hardware failure,169,1
TKT-12120,466,2025-09-27,2025-09-27 01:08:00,Hardware failure,68,1
TKT-12121,1390,2025-07-15,2025-07-15 00:20:00,Config error,20,1
TKT-12122,451,2025-07-09,2025-07-09 01:11:00,Fiber cut,71,1
TKT-12123,565,2025-09-25,2025-09-25 03:43:00,Hardware failure,223,1
TKT-12124,888,2025-07-23,2025-07-23 03:38:00,Fiber cut,218,1
TKT-12125,131,2025-10-20,2025-10-20 04:37:00,Upstream provider,277,1
TKT-12126,783,2025-08-20,2025-08-20 01:28:00,Unknown,88,1
TKT-12127,1009,2025-09-03,2025-09-03 06:05:00,Upstream provider,365,1
TKT-12128,5,2025-07-14,2025-07-14 00:44:00,Power issue,44,1
TKT-12129,1345,2025-09-18,2025-09-18 05:48:00,Fiber cut,348,1
TKT-12130,1382,2025-07-03,2025-07-03 00:39:00,Upstream provider,39,1
TKT-12131,783,2025-08-23,2025-08-23 04:25:00,Config error,265,1
TKT-12132,1263,2025-07-13,2025-07-13 00:13:00,Power issue,13,1
TKT-12133,112,2025-09-26,2025-09-26 01:05:00,Fiber cut,65,1
TKT-12134,986,2025-10-08,2025-10-08 00:47:00,Config error,47,1
TKT-12135,639,2025-10-19,2025-10-19 01:00:00,Fiber cut,60,1
TKT-12136,699,2025-08-22,2025-08-22 04:30:00,Upstream provider,270,1
TKT-12137,250,2025-10-29,2025-10-29 03:07:00,Hardware failure,187,1
TKT-12138,962,2025-10-31,2025-10-31 01:23:00,Config error,83,1
TKT-12139,214,2025-09-08,2025-09-08 00:05:00,Config error,5,0
TKT-12140,205,2025-08-13,2025-08-13 01:15:00,Unknown,75,1
TKT-12141,596,2025-10-27,2025-10-27 02:35:00,Config error,155,1
TKT-12142,42,2025-10-12,2025-10-12 00:11:00,Unknown,11,1
TKT-12143,998,2025-07-08,2025-07-08 01:51:00,Config error,111,1
TKT-12144,569,2025-09-02,2025-09-02 00:25:00,Hardware failure,25,1
TKT-12145,880,2025-10-10,2025-10-10 01:43:00,Upstream provider,103,1
TKT-12146,1158,2025-09-05,2025-09-05 05:01:00,Unknown,301,1
TKT-12147,964,2025-10-17,2025-10-17 03:50:00,Hardware failure,230,1
TKT-12148,1040,2025-07-04,2025-07-04 00:29:00,Power issue,29,1
TKT-12149,542,2025-07-23,2025-07-23 04:03:00,Unknown,243,1
TKT-12150,674,2025-08-12,2025-08-12 05:29:00,Fiber cut,329,1
TKT-12151,501,2025-09-01,2025-09-01 03:36:00,Hardware failure,216,1
TKT-12152,569,2025-08-16,2025-08-16 01:04:00,Hardware failure,64,1
TKT-12153,1179,2025-08-18,2025-08-18 00:33:00,Hardware failure,33,1
TKT-12154,371,2025-08-11,2025-08-11 00:07:00,Upstream provider,7,1
TKT-12155,1047,2025-08-24,2025-08-24 00:52:00,Power issue,52,1
TKT-12156,669,2025-07-09,2025-07-09 01:22:00,Fiber cut,82,1
TKT-12157,452,2025-08-26,2025-08-26 04:00:00,Upstream provider,240,1
TKT-12158,732,2025-09-03,2025-09-03 02:55:00,Hardware failure,175,1
TKT-12159,766,2025-07-23,2025-07-23 01:54:00,Unknown,114,1
TKT-12160,347,2025-08-05,2025-08-05 01:01:00,Config error,61,1
TKT-12161,472,2025-09-13,2025-09-13 02:02:00,Fiber cut,122,1
TKT-12162,836,2025-10-24,2025-10-24 00:47:00,Upstream provider,47,1
TKT-12163,1179,2025-09-21,2025-09-21 03:59:00,Power issue,239,1
TKT-12164,1145,2025-07-25,2025-07-25 03:13:00,Upstream provider,193,1
TKT-12165,221,2025-10-24,2025-10-24 03:15:00,Power issue,195,1
TKT-12166,1282,2025-08-10,2025-08-10 02:19:00,Config error,139,1
TKT-12167,1264,2025-08-22,2025-08-22 06:40:00,Hardware failure,400,1
TKT-12168,18,2025-07-21,2025-07-21 01:54:00,Power issue,114,1
TKT-12169,852,2025-10-14,2025-10-14 02:30:00,Config error,150,1
TKT-12170,1417,2025-08-10,2025-08-10 02:03:00,Upstream provider,123,1
TKT-12171,351,2025-07-25,2025-07-25 00:18:00,Config error,18,1
TKT-12172,1064,2025-07-01,2025-07-01 01:02:00,Config error,62,1
TKT-12173,123,2025-10-14,2025-10-14 02:05:00,Unknown,125,1
TKT-12174,13,2025-10-11,2025-10-11 00:12:00,Hardware failure,12,1
TKT-12175,301,2025-08-03,2025-08-03 00:40:00,Config error,40,1
TKT-12176,864,2025-07-30,2025-07-30 03:50:00,Power issue,230,1
TKT-12177,805,2025-10-19,2025-10-19 07:18:00,Config error,438,1
TKT-12178,49,2025-07-15,2025-07-15 02:36:00,Hardware failure,156,1
TKT-12179,665,2025-09-22,2025-09-22 02:16:00,Config error,136,1
TKT-12180,1452,2025-09-05,2025-09-05 06:07:00,Power issue,367,1
TKT-12181,1485,2025-10-08,2025-10-08 04:37:00,Hardware failure,277,1
TKT-12182,368,2025-07-02,2025-07-02 00:35:00,Fiber cut,35,1
TKT-12183,1339,2025-10-17,2025-10-17 01:19:00,Upstream provider,79,1
TKT-12184,370,2025-07-28,2025-07-28 00:39:00,Config error,39,1
TKT-12185,830,2025-09-04,2025-09-04 03:52:00,Fiber cut,232,1
TKT-12186,1198,2025-09-08,2025-09-08 00:27:00,Hardware failure,27,1
TKT-12187,290,2025-09-18,2025-09-18 00:44:00,Power issue,44,1
TKT-12188,1495,2025-10-03,2025-10-03 00:17:00,Power issue,17,1
TKT-12189,877,2025-10-06,2025-10-06 00:25:00,Fiber cut,25,1
TKT-12190,977,2025-10-12,2025-10-12 00:45:00,Unknown,45,1
TKT-12191,620,2025-10-31,2025-10-31 03:25:00,Power issue,205,1
TKT-12192,301,2025-07-30,2025-07-30 03:07:00,Power issue,187,1
TKT-12193,1247,2025-07-11,2025-07-11 01:23:00,Upstream provider,83,1
TKT-12194,763,2025-10-22,2025-10-22 03:45:00,Fiber cut,225,1
TKT-12195,1179,2025-07-14,2025-07-14 00:34:00,Unknown,34,1
TKT-12196,1090,2025-10-21,2025-10-21 00:20:00,Hardware failure,20,1
TKT-12197,863,2025-10-15,2025-10-15 01:01:00,Config error,61,1
TKT-12198,432,2025-08-13,2025-08-13 03:57:00,Hardware failure,237,1
TKT-12199,200,2025-09-23,2025-09-23 01:40:00,Config error,100,1
TKT-12200,221,2025-07-28,2025-07-28 01:13:00,Fiber cut,73,1
TKT-12201,99,2025-09-06,2025-09-06 01:10:00,Config error,70,1
TKT-12202,531,2025-09-04,2025-09-04 03:24:00,Power issue,204,1
TKT-12203,1045,2025-10-13,2025-10-13 00:27:00,Config error,27,1
TKT-12204,433,2025-07-11,2025-07-11 03:50:00,Fiber cut,230,1
TKT-12205,5,2025-07-29,2025-07-29 06:21:00,Power issue,381,1
TKT-12206,1159,2025-07-14,2025-07-14 03:03:00,Power issue,183,1
TKT-12207,309,2025-07-31,2025-07-31 03:26:00,Hardware failure,206,1
TKT-12208,652,2025-08-26,2025-08-26 02:00:00,Upstream provider,120,1
TKT-12209,705,2025-10-30,2025-10-30 02:25:00,Hardware failure,145,1
TKT-12210,1080,2025-08-11,2025-08-11 05:09:00,Power issue,309,1
TKT-12211,1225,2025-07-27,2025-07-27 01:04:00,Power issue,64,1
TKT-12212,519,2025-09-10,2025-09-10 02:29:00,Hardware failure,149,1
TKT-12213,737,2025-10-26,2025-10-26 02:27:00,Config error,147,1
TKT-12214,688,2025-10-07,2025-10-07 01:50:00,Hardware failure,110,1
TKT-12215,649,2025-08-22,2025-08-22 04:42:00,Upstream provider,282,1
TKT-12216,1072,2025-07-30,2025-07-30 05:01:00,Power issue,301,1
TKT-12217,97,2025-08-29,2025-08-29 00:33:00,Power issue,33,1
TKT-12218,1417,2025-10-08,2025-10-08 02:38:00,Power issue,158,1
TKT-12219,1411,2025-07-14,2025-07-14 01:41:00,Hardware failure,101,1
TKT-12220,758,2025-08-12,2025-08-12 01:37:00,Hardware failure,97,1
TKT-12221,61,2025-08-01,2025-08-01 01:12:00,Power issue,72,1
TKT-12222,518,2025-07-27,2025-07-27 00:54:00,Upstream provider,54,1
TKT-12223,161,2025-07-02,2025-07-02 00:50:00,Hardware failure,50,1
TKT-12224,431,2025-09-30,2025-09-30 00:36:00,Config error,36,1
TKT-12225,451,2025-07-20,2025-07-20 00:07:00,Fiber cut,7,1
TKT-12226,886,2025-10-16,2025-10-16 01:25:00,Power issue,85,1
TKT-12227,783,2025-09-15,2025-09-15 01:09:00,Config error,69,1
TKT-12228,465,2025-10-22,2025-10-22 00:31:00,Unknown,31,1
TKT-12229,158,2025-09-02,2025-09-02 04:11:00,Power issue,251,1
TKT-12230,1450,2025-08-26,2025-08-26 01:40:00,Upstream provider,100,1
TKT-12231,158,2025-07-07,2025-07-07 02:12:00,Fiber cut,132,1
TKT-12232,13,2025-10-02,2025-10-02 04:21:00,Hardware failure,261,1
TKT-12233,1052,2025-09-30,2025-09-30 00:44:00,Power issue,44,1
TKT-12234,214,2025-10-29,2025-10-29 00:52:00,Hardware failure,52,1
TKT-12235,798,2025-07-17,2025-07-17 02:22:00,Unknown,142,1
TKT-12236,41,2025-10-11,2025-10-11 01:33:00,Fiber cut,93,1
TKT-12237,451,2025-10-31,2025-10-31 00:17:00,Unknown,17,1
TKT-12238,221,2025-09-10,2025-09-10 03:55:00,Power issue,235,1
TKT-12239,699,2025-07-12,2025-07-12 02:00:00,Config error,120,1
TKT-12240,596,2025-09-23,2025-09-23 04:11:00,Power issue,251,1
TKT-12241,749,2025-08-06,2025-08-06 04:41:00,Unknown,281,1
TKT-12242,706,2025-09-20,2025-09-20 03:29:00,Upstream provider,209,1
TKT-12243,379,2025-08-30,2025-08-30 00:05:00,Power issue,5,0
TKT-12244,641,2025-07-16,2025-07-16 02:31:00,Upstream provider,151,1
TKT-12245,834,2025-08-27,2025-08-27 00:17:00,Fiber cut,17,1
TKT-12246,749,2025-07-30,2025-07-30 03:08:00,Upstream provider,188,1
TKT-12247,1356,2025-08-18,2025-08-18 01:32:00,Upstream provider,92,1
TKT-12248,1225,2025-07-18,2025-07-18 00:28:00,Unknown,28,1
TKT-12249,741,2025-09-11,2025-09-11 02:59:00,Hardware failure,179,1
TKT-12250,1436,2025-09-12,2025-09-12 00:40:00,Config error,40,1
TKT-12251,148,2025-10-27,2025-10-27 02:15:00,Upstream provider,135,1
TKT-12252,1493,2025-07-24,2025-07-24 00:29:00,Power issue,29,1
TKT-12253,1411,2025-08-20,2025-08-20 03:11:00,Fiber cut,191,1
TKT-12254,1432,2025-10-05,2025-10-05 01:53:00,Power issue,113,1
TKT-12255,883,2025-09-30,2025-09-30 04:53:00,Fiber cut,293,1
TKT-12256,688,2025-10-17,2025-10-17 01:03:00,Upstream provider,63,1
TKT-12257,102,2025-09-03,2025-09-03 01:49:00,Power issue,109,1
TKT-12258,1262,2025-10-21,2025-10-21 01:59:00,Config error,119,1
TKT-12259,269,2025-08-29,2025-08-29 00:26:00,Power issue,26,1
TKT-12260,165,2025-07-18,2025-07-18 01:01:00,Upstream provider,61,1
TKT-12261,1246,2025-09-09,2025-09-09 01:14:00,Unknown,74,1
TKT-12262,926,2025-08-14,2025-08-14 01:25:00,Unknown,85,1
TKT-12263,1022,2025-07-06,2025-07-06 02:31:00,Config error,151,1
TKT-12264,743,2025-07-28,2025-07-28 00:55:00,Unknown,55,1
TKT-12265,968,2025-09-19,2025-09-19 01:57:00,Upstream provider,117,1
TKT-12266,329,2025-09-23,2025-09-23 00:05:00,Power issue,5,0
TKT-12267,1282,2025-08-01,2025-08-01 04:47:00,Unknown,287,1
TKT-12268,603,2025-07-05,2025-07-05 01:12:00,Fiber cut,72,1
TKT-12269,888,2025-07-22,2025-07-22 00:09:00,Unknown,9,1
TKT-12270,41,2025-07-07,2025-07-07 01:46:00,Upstream provider,106,1
TKT-12271,631,2025-09-27,2025-09-27 01:30:00,Fiber cut,90,1
TKT-12272,732,2025-09-01,2025-09-01 00:22:00,Config error,22,1
TKT-12273,1106,2025-10-28,2025-10-28 02:26:00,Power issue,146,1
TKT-12274,948,2025-08-02,2025-08-02 06:27:00,Hardware failure,387,1
TKT-12275,588,2025-09-14,2025-09-14 04:21:00,Config error,261,1
TKT-12276,427,2025-08-05,2025-08-05 00:24:00,Unknown,24,1
TKT-12277,1034,2025-08-29,2025-08-29 04:09:00,Upstream provider,249,1
TKT-12278,1290,2025-08-13,2025-08-13 03:25:00,Config error,205,1
TKT-12279,1077,2025-08-09,2025-08-09 02:45:00,Fiber cut,165,1
TKT-12280,1204,2025-09-28,2025-09-28 02:03:00,Fiber cut,123,1
TKT-12281,1219,2025-07-12,2025-07-12 03:35:00,Hardware failure,215,1
TKT-12282,1107,2025-09-21,2025-09-21 02:06:00,Unknown,126,1
TKT-12283,548,2025-08-01,2025-08-01 02:32:00,Config error,152,1
TKT-12284,1406,2025-08-03,2025-08-03 02:30:00,Hardware failure,150,1
TKT-12285,1366,2025-08-28,2025-08-28 04:31:00,Power issue,271,1
TKT-12286,298,2025-10-20,2025-10-20 00:46:00,Power issue,46,1
TKT-12287,745,2025-08-16,2025-08-16 01:06:00,Unknown,66,1
TKT-12288,1152,2025-10-31,2025-10-31 03:48:00,Upstream provider,228,1
TKT-12289,98,2025-10-22,2025-10-22 01:44:00,Fiber cut,104,1
TKT-12290,721,2025-08-16,2025-08-16 03:17:00,Hardware failure,197,1
TKT-12291,766,2025-07-21,2025-07-21 01:10:00,Unknown,70,1
TKT-12292,703,2025-10-16,2025-10-16 00:40:00,Upstream provider,40,1
TKT-12293,1267,2025-08-01,2025-08-01 00:40:00,Hardware failure,40,1
TKT-12294,1039,2025-08-28,2025-08-28 05:02:00,Upstream provider,302,1
TKT-12295,1110,2025-08-29,2025-08-29 01:26:00,Power issue,86,1
TKT-12296,1245,2025-08-15,2025-08-15 00:29:00,Hardware failure,29,1
TKT-12297,327,2025-09-25,2025-09-25 02:08:00,Config error,128,1
TKT-12298,957,2025-07-21,2025-07-21 00:53:00,Upstream provider,53,1
TKT-12299,1281,2025-10-21,2025-10-21 03:53:00,Upstream provider,233,1
TKT-12300,1345,2025-08-04,2025-08-04 01:46:00,Config error,106,1
TKT-12301,1341,2025-07-17,2025-07-17 02:21:00,Config error,141,1
TKT-12302,364,2025-10-30,2025-10-30 02:10:00,Upstream provider,130,1
TKT-12303,24,2025-09-04,2025-09-04 00:38:00,Unknown,38,1
TKT-12304,666,2025-08-22,2025-08-22 01:03:00,Config error,63,1
TKT-12305,1360,2025-08-13,2025-08-13 07:53:00,Upstream provider,473,1
TKT-12306,269,2025-09-22,2025-09-22 00:56:00,Hardware failure,56,1
TKT-12307,1282,2025-08-11,2025-08-11 06:43:00,Fiber cut,403,1
TKT-12308,351,2025-07-24,2025-07-24 00:10:00,Upstream provider,10,1
TKT-12309,759,2025-09-27,2025-09-27 05:36:00,Hardware failure,336,1
TKT-12310,975,2025-10-20,2025-10-20 02:02:00,Config error,122,1
TKT-12311,123,2025-10-04,2025-10-04 01:04:00,Config error,64,1
TKT-12312,965,2025-10-02,2025-10-02 04:03:00,Fiber cut,243,1
TKT-12313,869,2025-07-10,2025-07-10 01:40:00,Fiber cut,100,1
TKT-12314,1448,2025-07-31,2025-07-31 01:15:00,Power issue,75,1
TKT-12315,1047,2025-07-16,2025-07-16 00:07:00,Power issue,7,1
TKT-12316,1345,2025-10-06,2025-10-06 01:45:00,Upstream provider,105,1
TKT-12317,604,2025-07-16,2025-07-16 02:25:00,Hardware failure,145,1
TKT-12318,205,2025-07-22,2025-07-22 01:54:00,Fiber cut,114,1
TKT-12319,327,2025-09-20,2025-09-20 00:27:00,Config error,27,1
TKT-12320,1281,2025-09-26,2025-09-26 01:51:00,Power issue,111,1
TKT-12321,1299,2025-10-07,2025-10-07 02:19:00,Config error,139,1
TKT-12322,1366,2025-08-26,2025-08-26 03:28:00,Upstream provider,208,1
TKT-12323,158,2025-07-08,2025-07-08 01:30:00,Hardware failure,90,1
TKT-12324,68,2025-07-20,2025-07-20 00:32:00,Config error,32,1
TKT-12325,620,2025-10-08,2025-10-08 02:10:00,Unknown,130,1
TKT-12326,700,2025-10-28,2025-10-28 00:58:00,Hardware failure,58,1
TKT-12327,260,2025-09-09,2025-09-09 00:50:00,Upstream provider,50,1
TKT-12328,1264,2025-09-10,2025-09-10 00:05:00,Unknown,5,0
TKT-12329,253,2025-07-14,2025-07-14 01:17:00,Hardware failure,77,1
TKT-12330,1201,2025-07-13,2025-07-13 01:17:00,Power issue,77,1
TKT-12331,1131,2025-08-20,2025-08-20 00:48:00,Fiber cut,48,1
TKT-12332,352,2025-07-22,2025-07-22 01:19:00,Power issue,79,1
TKT-12333,1450,2025-08-26,2025-08-26 01:33:00,Power issue,93,1
TKT-12334,490,2025-08-11,2025-08-11 00:16:00,Fiber cut,16,1
TKT-12335,1448,2025-10-27,2025-10-27 00:34:00,Fiber cut,34,1
TKT-12336,736,2025-07-05,2025-07-05 05:56:00,Config error,356,1
TKT-12337,398,2025-08-10,2025-08-10 00:32:00,Upstream provider,32,1
TKT-12338,1262,2025-08-28,2025-08-28 00:05:00,Upstream provider,5,0
TKT-12339,285,2025-07-20,2025-07-20 01:52:00,Power issue,112,1
TKT-12340,1297,2025-10-09,2025-10-09 01:30:00,Hardware failure,90,1
TKT-12341,1390,2025-09-30,2025-09-30 01:51:00,Fiber cut,111,1
TKT-12342,926,2025-07-04,2025-07-04 00:12:00,Hardware failure,12,1
TKT-12343,326,2025-09-18,2025-09-18 00:48:00,Unknown,48,1
TKT-12344,131,2025-07-13,2025-07-13 01:48:00,Hardware failure,108,1
TKT-12345,587,2025-08-30,2025-08-30 04:16:00,Power issue,256,1
TKT-12346,859,2025-08-19,2025-08-19 00:38:00,Unknown,38,1
TKT-12347,861,2025-08-26,2025-08-26 00:53:00,Hardware failure,53,1
TKT-12348,1116,2025-10-07,2025-10-07 04:32:00,Fiber cut,272,1
TKT-12349,872,2025-07-11,2025-07-11 03:42:00,Config error,222,1
TKT-12350,504,2025-09-02,2025-09-02 02:44:00,Fiber cut,164,1
TKT-12351,709,2025-10-30,2025-10-30 02:45:00,Hardware failure,165,1
TKT-12352,485,2025-07-02,2025-07-02 00:22:00,Config error,22,1
TKT-12353,384,2025-09-29,2025-09-29 01:49:00,Unknown,109,1
TKT-12354,518,2025-07-31,2025-07-31 01:54:00,Hardware failure,114,1
TKT-12355,961,2025-07-04,2025-07-04 02:20:00,Config error,140,1
TKT-12356,306,2025-08-10,2025-08-10 02:49:00,Upstream provider,169,1
TKT-12357,998,2025-07-01,2025-07-01 01:12:00,Power issue,72,1
TKT-12358,957,2025-10-18,2025-10-18 02:25:00,Config error,145,1
TKT-12359,587,2025-10-12,2025-10-12 01:19:00,Unknown,79,1
TKT-12360,1339,2025-07-24,2025-07-24 02:06:00,Power issue,126,1
TKT-12361,1345,2025-10-31,2025-10-31 01:11:00,Upstream provider,71,1
TKT-12362,547,2025-09-16,2025-09-16 04:09:00,Upstream provider,249,1
TKT-12363,69,2025-07-03,2025-07-03 02:58:00,Fiber cut,178,1
TKT-12364,158,2025-08-10,2025-08-10 00:06:00,Config error,6,1
TKT-12365,1183,2025-08-20,2025-08-20 05:27:00,Fiber cut,327,1
TKT-12366,135,2025-07-30,2025-07-30 03:33:00,Power issue,213,1
TKT-12367,512,2025-10-01,2025-10-01 00:51:00,Hardware failure,51,1
TKT-12368,42,2025-10-09,2025-10-09 03:43:00,Power issue,223,1
TKT-12369,359,2025-09-25,2025-09-25 03:56:00,Hardware failure,236,1
TKT-12370,1152,2025-08-20,2025-08-20 00:40:00,Power issue,40,1
TKT-12371,1009,2025-08-10,2025-08-10 01:00:00,Hardware failure,60,1
TKT-12372,926,2025-09-03,2025-09-03 05:38:00,Fiber cut,338,1
TKT-12373,749,2025-07-21,2025-07-21 01:01:00,Hardware failure,61,1
TKT-12374,1453,2025-07-14,2025-07-14 02:06:00,Upstream provider,126,1
TKT-12375,644,2025-09-12,2025-09-12 02:19:00,Config error,139,1
TKT-12376,1237,2025-09-16,2025-09-16 00:06:00,Hardware failure,6,1
TKT-12377,49,2025-10-13,2025-10-13 00:36:00,Power issue,36,1
TKT-12378,110,2025-09-27,2025-09-27 01:13:00,Unknown,73,1
TKT-12379,1281,2025-10-02,2025-10-02 02:14:00,Hardware failure,134,1
TKT-12380,1077,2025-08-14,2025-08-14 00:19:00,Config error,19,1
TKT-12381,413,2025-10-09,2025-10-09 01:27:00,Hardware failure,87,1
TKT-12382,253,2025-10-11,2025-10-11 00:13:00,Fiber cut,13,1
TKT-12383,1328,2025-08-11,2025-08-11 00:30:00,Config error,30,1
TKT-12384,879,2025-09-30,2025-09-30 03:48:00,Fiber cut,228,1
TKT-12385,1202,2025-09-13,2025-09-13 05:13:00,Config error,313,1
TKT-12386,962,2025-08-25,2025-08-25 01:25:00,Fiber cut,85,1
TKT-12387,737,2025-09-12,2025-09-12 04:06:00,Upstream provider,246,1
TKT-12388,1398,2025-10-31,2025-10-31 04:24:00,Power issue,264,1
TKT-12389,1054,2025-10-05,2025-10-05 04:55:00,Power issue,295,1
TKT-12390,1179,2025-09-09,2025-09-09 03:54:00,Fiber cut,234,1
TKT-12391,904,2025-08-02,2025-08-02 03:26:00,Upstream provider,206,1
TKT-12392,1334,2025-10-14,2025-10-14 00:47:00,Fiber cut,47,1
TKT-12393,390,2025-10-19,2025-10-19 01:33:00,Upstream provider,93,1
TKT-12394,49,2025-08-18,2025-08-18 03:49:00,Config error,229,1
TKT-12395,937,2025-08-01,2025-08-01 03:20:00,Upstream provider,200,1
TKT-12396,417,2025-09-06,2025-09-06 01:22:00,Upstream provider,82,1
TKT-12397,1219,2025-10-10,2025-10-10 00:05:00,Config error,5,0
TKT-12398,1341,2025-09-29,2025-09-29 02:23:00,Hardware failure,143,1
TKT-12399,341,2025-08-14,2025-08-14 00:05:00,Upstream provider,5,0
TKT-12400,1131,2025-09-04,2025-09-04 02:14:00,Unknown,134,1
TKT-12401,1174,2025-08-24,2025-08-24 00:26:00,Config error,26,1
TKT-12402,153,2025-07-16,2025-07-16 00:42:00,Config error,42,1
TKT-12403,1500,2025-07-18,2025-07-18 01:11:00,Unknown,71,1
TKT-12404,221,2025-09-24,2025-09-24 02:36:00,Upstream provider,156,1
TKT-12405,41,2025-08-22,2025-08-22 02:48:00,Upstream provider,168,1
TKT-12406,1328,2025-10-02,2025-10-02 01:06:00,Upstream provider,66,1
TKT-12407,59,2025-08-21,2025-08-21 02:08:00,Upstream provider,128,1
TKT-12408,24,2025-10-02,2025-10-02 02:20:00,Config error,140,1
TKT-12409,1296,2025-10-25,2025-10-25 00:12:00,Power issue,12,1
TKT-12410,340,2025-10-25,2025-10-25 04:35:00,Power issue,275,1
TKT-12411,1327,2025-08-12,2025-08-12 00:53:00,Upstream provider,53,1
TKT-12412,195,2025-07-15,2025-07-15 02:27:00,Upstream provider,147,1
TKT-12413,263,2025-07-09,2025-07-09 00:05:00,Upstream provider,5,0
TKT-12414,1431,2025-10-11,2025-10-11 03:16:00,Hardware failure,196,1
TKT-12415,872,2025-08-04,2025-08-04 01:52:00,Fiber cut,112,1
TKT-12416,1375,2025-07-09,2025-07-09 03:04:00,Unknown,184,1
TKT-12417,1187,2025-07-12,2025-07-12 02:18:00,Unknown,138,1
TKT-12418,1116,2025-08-10,2025-08-10 02:08:00,Unknown,128,1
TKT-12419,173,2025-09-16,2025-09-16 00:07:00,Hardware failure,7,1
TKT-12420,466,2025-07-28,2025-07-28 02:00:00,Unknown,120,1
TKT-12421,1106,2025-07-15,2025-07-15 00:29:00,Hardware failure,29,1
TKT-12422,356,2025-07-31,2025-07-31 02:30:00,Fiber cut,150,1
TKT-12423,260,2025-08-13,2025-08-13 06:13:00,Hardware failure,373,1
TKT-12424,977,2025-09-15,2025-09-15 03:20:00,Fiber cut,200,1
TKT-12425,453,2025-09-26,2025-09-26 05:25:00,Upstream provider,325,1
TKT-12426,253,2025-10-03,2025-10-03 01:44:00,Config error,104,1
TKT-12427,364,2025-10-17,2025-10-17 05:57:00,Fiber cut,357,1
TKT-12428,238,2025-07-12,2025-07-12 01:11:00,Unknown,71,1
TKT-12429,1042,2025-09-19,2025-09-19 02:22:00,Power issue,142,1
TKT-12430,340,2025-10-07,2025-10-07 01:48:00,Hardware failure,108,1
TKT-12431,504,2025-07-18,2025-07-18 04:30:00,Unknown,270,1
TKT-12432,1273,2025-07-23,2025-07-23 03:07:00,Fiber cut,187,1
TKT-12433,673,2025-09-19,2025-09-19 00:59:00,Power issue,59,1
TKT-12434,221,2025-07-11,2025-07-11 04:03:00,Fiber cut,243,1
TKT-12435,713,2025-07-07,2025-07-07 01:41:00,Upstream provider,101,1
TKT-12436,1434,2025-07-30,2025-07-30 01:06:00,Fiber cut,66,1
TKT-12437,1419,2025-10-07,2025-10-07 00:36:00,Hardware failure,36,1
TKT-12438,351,2025-07-20,2025-07-20 04:36:00,Power issue,276,1
TKT-12439,1282,2025-07-24,2025-07-24 00:42:00,Power issue,42,1
TKT-12440,904,2025-08-24,2025-08-24 04:06:00,Unknown,246,1
TKT-12441,807,2025-08-22,2025-08-22 02:09:00,Upstream provider,129,1
TKT-12442,740,2025-07-09,2025-07-09 02:32:00,Upstream provider,152,1
TKT-12443,49,2025-10-19,2025-10-19 00:29:00,Unknown,29,1
TKT-12444,505,2025-10-08,2025-10-08 02:09:00,Unknown,129,1
TKT-12445,446,2025-10-22,2025-10-22 00:52:00,Hardware failure,52,1
TKT-12446,703,2025-09-08,2025-09-08 04:16:00,Unknown,256,1
TKT-12447,1059,2025-07-17,2025-07-17 03:15:00,Fiber cut,195,1
TKT-12448,1201,2025-10-18,2025-10-18 00:50:00,Upstream provider,50,1
TKT-12449,1300,2025-08-15,2025-08-15 02:01:00,Power issue,121,1
TKT-12450,427,2025-09-13,2025-09-13 02:57:00,Config error,177,1
TKT-12451,1261,2025-10-05,2025-10-05 00:05:00,Hardware failure,5,0
TKT-12452,547,2025-09-12,2025-09-12 00:34:00,Upstream provider,34,1
TKT-12453,271,2025-10-01,2025-10-01 03:41:00,Config error,221,1
TKT-12454,858,2025-08-05,2025-08-05 00:05:00,Power issue,5,0
TKT-12455,326,2025-07-21,2025-07-21 01:38:00,Hardware failure,98,1
TKT-12456,319,2025-10-30,2025-10-30 03:31:00,Power issue,211,1
TKT-12457,1064,2025-07-31,2025-07-31 02:19:00,Hardware failure,139,1
TKT-12458,531,2025-10-24,2025-10-24 02:23:00,Hardware failure,143,1
TKT-12459,1163,2025-10-25,2025-10-25 00:15:00,Fiber cut,15,1
TKT-12460,741,2025-10-15,2025-10-15 00:40:00,Config error,40,1
TKT-12461,1468,2025-08-23,2025-08-23 03:57:00,Fiber cut,237,1
TKT-12462,285,2025-10-27,2025-10-27 01:23:00,Config error,83,1
TKT-12463,526,2025-07-07,2025-07-07 03:32:00,Unknown,212,1
TKT-12464,869,2025-08-17,2025-08-17 01:36:00,Unknown,96,1
TKT-12465,281,2025-10-29,2025-10-29 00:13:00,Hardware failure,13,1
TKT-12466,1038,2025-08-20,2025-08-20 01:02:00,Fiber cut,62,1
TKT-12467,1395,2025-09-15,2025-09-15 00:57:00,Hardware failure,57,1
TKT-12468,502,2025-09-26,2025-09-26 01:10:00,Hardware failure,70,1
TKT-12469,859,2025-10-27,2025-10-27 00:51:00,Config error,51,1
TKT-12470,206,2025-09-25,2025-09-25 01:37:00,Upstream provider,97,1
TKT-12471,96,2025-09-02,2025-09-02 01:31:00,Power issue,91,1
TKT-12472,749,2025-10-08,2025-10-08 01:28:00,Config error,88,1
TKT-12473,858,2025-07-15,2025-07-15 00:40:00,Power issue,40,1
TKT-12474,44,2025-10-12,2025-10-12 00:58:00,Hardware failure,58,1
TKT-12475,1432,2025-08-08,2025-08-08 03:10:00,Upstream provider,190,1
TKT-12476,1452,2025-09-17,2025-09-17 03:43:00,Fiber cut,223,1
TKT-12477,352,2025-07-13,2025-07-13 01:19:00,Unknown,79,1
TKT-12478,1029,2025-07-12,2025-07-12 02:13:00,Power issue,133,1
TKT-12479,1398,2025-07-08,2025-07-08 01:53:00,Unknown,113,1
TKT-12480,1172,2025-07-28,2025-07-28 00:56:00,Config error,56,1
TKT-12481,1466,2025-08-30,2025-08-30 03:05:00,Fiber cut,185,1
TKT-12482,1247,2025-07-17,2025-07-17 00:41:00,Power issue,41,1
TKT-12483,749,2025-08-11,2025-08-11 01:58:00,Fiber cut,118,1
TKT-12484,504,2025-08-30,2025-08-30 01:19:00,Config error,79,1
TKT-12485,188,2025-08-08,2025-08-08 02:20:00,Unknown,140,1
TKT-12486,894,2025-08-01,2025-08-01 00:42:00,Fiber cut,42,1
TKT-12487,705,2025-10-14,2025-10-14 01:57:00,Fiber cut,117,1
TKT-12488,880,2025-08-23,2025-08-23 02:16:00,Unknown,136,1
TKT-12489,52,2025-08-25,2025-08-25 03:51:00,Hardware failure,231,1
TKT-12490,165,2025-07-05,2025-07-05 01:53:00,Fiber cut,113,1
TKT-12491,128,2025-10-27,2025-10-27 04:00:00,Fiber cut,240,1
TKT-12492,748,2025-09-09,2025-09-09 00:05:00,Upstream provider,5,0
TKT-12493,10,2025-10-29,2025-10-29 00:34:00,Hardware failure,34,1
TKT-12494,1302,2025-09-11,2025-09-11 01:36:00,Config error,96,1
TKT-12495,493,2025-10-12,2025-10-12 02:27:00,Fiber cut,147,1
TKT-12496,1401,2025-07-21,2025-07-21 03:53:00,Fiber cut,233,1
TKT-12497,398,2025-10-05,2025-10-05 03:05:00,Power issue,185,1
TKT-12498,263,2025-08-19,2025-08-19 00:11:00,Power issue,11,1
TKT-12499,566,2025-09-13,2025-09-13 00:25:00,Upstream provider,25,1
TKT-12500,1433,2025-10-23,2025-10-23 01:18:00,Unknown,78,1
TKT-12501,152,2025-10-15,2025-10-15 03:44:00,Config error,224,1
TKT-12502,1204,2025-08-05,2025-08-05 00:10:00,Upstream provider,10,1
TKT-12503,864,2025-09-06,2025-09-06 00:35:00,Upstream provider,35,1
TKT-12504,1048,2025-09-21,2025-09-21 02:11:00,Unknown,131,1
TKT-12505,69,2025-09-19,2025-09-19 00:59:00,Config error,59,1
TKT-12506,1158,2025-10-08,2025-10-08 00:53:00,Fiber cut,53,1
TKT-12507,1103,2025-10-06,2025-10-06 00:59:00,Upstream provider,59,1
TKT-12508,1450,2025-08-26,2025-08-26 00:29:00,Config error,29,1
TKT-12509,1159,2025-09-13,2025-09-13 01:54:00,Upstream provider,114,1
TKT-12510,238,2025-08-17,2025-08-17 00:17:00,Fiber cut,17,1
TKT-12511,688,2025-09-24,2025-09-24 03:58:00,Hardware failure,238,1
TKT-12512,947,2025-08-27,2025-08-27 03:54:00,Hardware failure,234,1
TKT-12513,1295,2025-09-09,2025-09-09 02:48:00,Unknown,168,1
TKT-12514,4,2025-08-06,2025-08-06 00:58:00,Upstream provider,58,1
TKT-12515,1331,2025-08-17,2025-08-17 00:51:00,Fiber cut,51,1
TKT-12516,161,2025-10-11,2025-10-11 00:29:00,Unknown,29,1
TKT-12517,743,2025-09-15,2025-09-15 03:31:00,Hardware failure,211,1
TKT-12518,211,2025-07-18,2025-07-18 00:05:00,Hardware failure,5,0
TKT-12519,474,2025-10-19,2025-10-19 00:34:00,Hardware failure,34,1
TKT-12520,309,2025-10-17,2025-10-17 01:03:00,Config error,63,1
TKT-12521,154,2025-07-23,2025-07-23 00:49:00,Unknown,49,1
TKT-12522,889,2025-08-07,2025-08-07 01:22:00,Hardware failure,82,1
TKT-12523,1329,2025-09-20,2025-09-20 03:02:00,Hardware failure,182,1
TKT-12524,829,2025-07-04,2025-07-04 04:41:00,Fiber cut,281,1
TKT-12525,956,2025-07-16,2025-07-16 03:42:00,Config error,222,1
TKT-12526,572,2025-09-29,2025-09-29 02:16:00,Fiber cut,136,1
TKT-12527,886,2025-10-09,2025-10-09 02:14:00,Hardware failure,134,1
TKT-12528,254,2025-09-23,2025-09-23 00:34:00,Upstream provider,34,1
TKT-12529,371,2025-10-25,2025-10-25 00:51:00,Upstream provider,51,1
TKT-12530,692,2025-10-31,2025-10-31 00:51:00,Power issue,51,1
TKT-12531,977,2025-09-15,2025-09-15 00:15:00,Fiber cut,15,1
TKT-12532,386,2025-07-26,2025-07-26 00:05:00,Power issue,5,0
TKT-12533,35,2025-09-27,2025-09-27 03:48:00,Fiber cut,228,1
TKT-12534,661,2025-10-10,2025-10-10 02:45:00,Upstream provider,165,1
TKT-12535,667,2025-09-28,2025-09-28 01:44:00,Fiber cut,104,1
TKT-12536,977,2025-07-02,2025-07-02 02:30:00,Fiber cut,150,1
TKT-12537,271,2025-10-24,2025-10-24 00:56:00,Fiber cut,56,1
TKT-12538,830,2025-07-20,2025-07-20 00:07:00,Fiber cut,7,1
TKT-12539,861,2025-08-05,2025-08-05 00:34:00,Config error,34,1
TKT-12540,123,2025-08-05,2025-08-05 01:22:00,Upstream provider,82,1
TKT-12541,675,2025-07-15,2025-07-15 00:23:00,Config error,23,1
TKT-12542,205,2025-09-02,2025-09-02 04:14:00,Fiber cut,254,1
TKT-12543,1059,2025-08-23,2025-08-23 01:45:00,Fiber cut,105,1
TKT-12544,834,2025-08-22,2025-08-22 02:31:00,Unknown,151,1
TKT-12545,961,2025-08-21,2025-08-21 00:15:00,Hardware failure,15,1
TKT-12546,719,2025-09-25,2025-09-25 00:55:00,Upstream provider,55,1
TKT-12547,469,2025-08-05,2025-08-05 00:58:00,Fiber cut,58,1
TKT-12548,947,2025-08-13,2025-08-13 04:10:00,Config error,250,1
TKT-12549,200,2025-10-18,2025-10-18 02:45:00,Config error,165,1
TKT-12550,69,2025-08-04,2025-08-04 00:15:00,Power issue,15,1
TKT-12551,1245,2025-08-17,2025-08-17 03:28:00,Hardware failure,208,1
TKT-12552,1076,2025-09-11,2025-09-11 00:27:00,Upstream provider,27,1
TKT-12553,947,2025-08-02,2025-08-02 01:02:00,Fiber cut,62,1
TKT-12554,431,2025-07-15,2025-07-15 02:18:00,Upstream provider,138,1
TKT-12555,281,2025-07-16,2025-07-16 01:29:00,Hardware failure,89,1
TKT-12556,152,2025-08-31,2025-08-31 01:33:00,Unknown,93,1
TKT-12557,1064,2025-10-22,2025-10-22 01:00:00,Power issue,60,1
TKT-12558,1012,2025-08-01,2025-08-01 03:18:00,Config error,198,1
TKT-12559,329,2025-07-29,2025-07-29 02:09:00,Unknown,129,1
TKT-12560,514,2025-07-30,2025-07-30 04:21:00,Power issue,261,1
TKT-12561,1071,2025-10-11,2025-10-11 00:39:00,Hardware failure,39,1
TKT-12562,1142,2025-10-26,2025-10-26 02:16:00,Upstream provider,136,1
TKT-12563,587,2025-09-05,2025-09-05 00:05:00,Fiber cut,5,0
TKT-12564,596,2025-07-10,2025-07-10 01:11:00,Unknown,71,1
TKT-12565,1193,2025-08-30,2025-08-30 00:05:00,Upstream provider,5,0
TKT-12566,916,2025-10-15,2025-10-15 00:25:00,Unknown,25,1
TKT-12567,1485,2025-07-04,2025-07-04 01:37:00,Power issue,97,1
TKT-12568,99,2025-10-18,2025-10-18 00:06:00,Fiber cut,6,1
TKT-12569,957,2025-10-01,2025-10-01 02:41:00,Power issue,161,1
TKT-12570,805,2025-09-23,2025-09-23 03:18:00,Unknown,198,1
TKT-12571,211,2025-08-29,2025-08-29 00:12:00,Power issue,12,1
TKT-12572,201,2025-09-19,2025-09-19 02:35:00,Unknown,155,1
TKT-12573,526,2025-08-22,2025-08-22 02:54:00,Hardware failure,174,1
TKT-12574,833,2025-08-10,2025-08-10 00:08:00,Config error,8,1
TKT-12575,1228,2025-08-22,2025-08-22 01:41:00,Upstream provider,101,1
TKT-12576,314,2025-08-12,2025-08-12 02:38:00,Unknown,158,1
TKT-12577,472,2025-10-23,2025-10-23 03:35:00,Config error,215,1
TKT-12578,1159,2025-07-20,2025-07-20 01:57:00,Unknown,117,1
TKT-12579,54,2025-10-17,2025-10-17 02:26:00,Power issue,146,1
TKT-12580,161,2025-08-17,2025-08-17 03:41:00,Unknown,221,1
TKT-12581,834,2025-08-20,2025-08-20 01:15:00,Config error,75,1
TKT-12582,826,2025-10-20,2025-10-20 03:11:00,Config error,191,1
TKT-12583,548,2025-07-05,2025-07-05 04:35:00,Power issue,275,1
TKT-12584,716,2025-08-03,2025-08-03 02:35:00,Hardware failure,155,1
TKT-12585,384,2025-10-23,2025-10-23 01:57:00,Upstream provider,117,1
TKT-12586,962,2025-07-16,2025-07-16 00:32:00,Unknown,32,1
TKT-12587,675,2025-09-04,2025-09-04 03:05:00,Hardware failure,185,1
TKT-12588,1493,2025-10-29,2025-10-29 03:30:00,Hardware failure,210,1
TKT-12589,1500,2025-07-11,2025-07-11 01:25:00,Unknown,85,1
TKT-12590,1329,2025-08-05,2025-08-05 04:44:00,Fiber cut,284,1
TKT-12591,653,2025-07-15,2025-07-15 00:13:00,Hardware failure,13,1
TKT-12592,1382,2025-10-14,2025-10-14 03:17:00,Power issue,197,1
TKT-12593,532,2025-07-31,2025-07-31 01:06:00,Hardware failure,66,1
TKT-12594,702,2025-08-16,2025-08-16 01:17:00,Config error,77,1
TKT-12595,1145,2025-10-07,2025-10-07 05:32:00,Unknown,332,1
TKT-12596,469,2025-07-05,2025-07-05 01:46:00,Config error,106,1
TKT-12597,936,2025-07-15,2025-07-15 02:21:00,Power issue,141,1
TKT-12598,1038,2025-08-22,2025-08-22 05:18:00,Upstream provider,318,1
TKT-12599,800,2025-08-06,2025-08-06 02:08:00,Fiber cut,128,1
TKT-12600,1468,2025-09-12,2025-09-12 00:29:00,Fiber cut,29,1
TKT-12601,741,2025-08-20,2025-08-20 00:05:00,Unknown,5,0
TKT-12602,1493,2025-09-10,2025-09-10 01:43:00,Fiber cut,103,1
TKT-12603,741,2025-07-08,2025-07-08 00:24:00,Hardware failure,24,1
TKT-12604,1338,2025-08-15,2025-08-15 03:04:00,Hardware failure,184,1
TKT-12605,1338,2025-07-20,2025-07-20 04:25:00,Fiber cut,265,1
TKT-12606,829,2025-10-31,2025-10-31 01:47:00,Upstream provider,107,1
TKT-12607,1114,2025-10-02,2025-10-02 01:08:00,Config error,68,1
TKT-12608,201,2025-07-23,2025-07-23 03:54:00,Fiber cut,234,1
TKT-12609,1466,2025-09-01,2025-09-01 03:22:00,Fiber cut,202,1
TKT-12610,603,2025-07-13,2025-07-13 00:35:00,Config error,35,1
TKT-12611,326,2025-08-06,2025-08-06 02:13:00,Unknown,133,1
TKT-12612,5,2025-09-18,2025-09-18 01:57:00,Config error,117,1
TKT-12613,1298,2025-10-08,2025-10-08 01:41:00,Unknown,101,1
TKT-12614,1158,2025-10-16,2025-10-16 01:16:00,Config error,76,1
TKT-12615,644,2025-08-20,2025-08-20 02:51:00,Fiber cut,171,1
TKT-12616,1428,2025-08-29,2025-08-29 01:14:00,Power issue,74,1
TKT-12617,306,2025-07-01,2025-07-01 00:09:00,Config error,9,1
TKT-12618,805,2025-10-11,2025-10-11 01:16:00,Config error,76,1
TKT-12619,284,2025-07-07,2025-07-07 00:05:00,Upstream provider,5,0
TKT-12620,133,2025-10-05,2025-10-05 03:50:00,Unknown,230,1
TKT-12621,1022,2025-10-03,2025-10-03 00:05:00,Upstream provider,5,0
TKT-12622,1413,2025-09-24,2025-09-24 01:27:00,Config error,87,1
TKT-12623,415,2025-07-27,2025-07-27 00:48:00,Fiber cut,48,1
TKT-12624,451,2025-07-05,2025-07-05 01:26:00,Fiber cut,86,1
TKT-12625,1438,2025-07-21,2025-07-21 00:18:00,Hardware failure,18,1
TKT-12626,1415,2025-10-30,2025-10-30 00:20:00,Upstream provider,20,1
TKT-12627,741,2025-08-08,2025-08-08 04:29:00,Hardware failure,269,1
TKT-12628,763,2025-08-26,2025-08-26 02:12:00,Power issue,132,1
TKT-12629,621,2025-07-18,2025-07-18 00:52:00,Unknown,52,1
TKT-12630,142,2025-07-31,2025-07-31 00:25:00,Power issue,25,1
TKT-12631,1431,2025-08-19,2025-08-19 00:45:00,Config error,45,1
TKT-12632,957,2025-10-06,2025-10-06 02:57:00,Fiber cut,177,1
TKT-12633,54,2025-08-29,2025-08-29 01:47:00,Hardware failure,107,1
TKT-12634,14,2025-09-12,2025-09-12 01:35:00,Config error,95,1
TKT-12635,758,2025-07-29,2025-07-29 02:06:00,Upstream provider,126,1
TKT-12636,682,2025-10-06,2025-10-06 03:53:00,Hardware failure,233,1
TKT-12637,221,2025-08-23,2025-08-23 01:01:00,Unknown,61,1
TKT-12638,217,2025-07-03,2025-07-03 00:18:00,Config error,18,1
TKT-12639,1201,2025-07-27,2025-07-27 00:49:00,Power issue,49,1
TKT-12640,111,2025-10-17,2025-10-17 01:16:00,Hardware failure,76,1
TKT-12641,1122,2025-07-07,2025-07-07 02:51:00,Hardware failure,171,1
TKT-12642,1243,2025-08-01,2025-08-01 05:17:00,Upstream provider,317,1
TKT-12643,979,2025-07-31,2025-07-31 04:01:00,Fiber cut,241,1
TKT-12644,55,2025-08-02,2025-08-02 00:20:00,Unknown,20,1
TKT-12645,1490,2025-10-06,2025-10-06 01:20:00,Hardware failure,80,1
TKT-12646,709,2025-10-25,2025-10-25 00:53:00,Upstream provider,53,1
TKT-12647,195,2025-09-26,2025-09-26 04:33:00,Unknown,273,1
TKT-12648,801,2025-07-26,2025-07-26 01:29:00,Unknown,89,1
TKT-12649,1124,2025-07-21,2025-07-21 04:30:00,Config error,270,1
TKT-12650,869,2025-07-11,2025-07-11 03:04:00,Power issue,184,1
TKT-12651,200,2025-10-25,2025-10-25 02:06:00,Config error,126,1
TKT-12652,1062,2025-08-19,2025-08-19 00:54:00,Upstream provider,54,1
TKT-12653,799,2025-08-22,2025-08-22 02:56:00,Config error,176,1
TKT-12654,1404,2025-07-03,2025-07-03 00:21:00,Unknown,21,1
TKT-12655,947,2025-09-28,2025-09-28 04:12:00,Upstream provider,252,1
TKT-12656,24,2025-09-06,2025-09-06 02:44:00,Config error,164,1
TKT-12657,4,2025-10-01,2025-10-01 00:05:00,Power issue,5,0
TKT-12658,709,2025-09-20,2025-09-20 00:14:00,Hardware failure,14,1
TKT-12659,355,2025-10-22,2025-10-22 00:58:00,Upstream provider,58,1
TKT-12660,44,2025-08-19,2025-08-19 00:36:00,Fiber cut,36,1
TKT-12661,16,2025-08-14,2025-08-14 01:32:00,Fiber cut,92,1
TKT-12662,531,2025-08-09,2025-08-09 00:24:00,Fiber cut,24,1
TKT-12663,69,2025-10-23,2025-10-23 00:42:00,Unknown,42,1
TKT-12664,713,2025-08-27,2025-08-27 01:49:00,Power issue,109,1
TKT-12665,301,2025-07-02,2025-07-02 01:43:00,Unknown,103,1
TKT-12666,718,2025-07-24,2025-07-24 00:57:00,Upstream provider,57,1
TKT-12667,306,2025-10-27,2025-10-27 03:53:00,Power issue,233,1
TKT-12668,154,2025-07-27,2025-07-27 03:20:00,Hardware failure,200,1
TKT-12669,171,2025-10-13,2025-10-13 01:05:00,Config error,65,1
TKT-12670,269,2025-09-19,2025-09-19 01:04:00,Unknown,64,1
TKT-12671,547,2025-07-25,2025-07-25 00:05:00,Unknown,5,0
TKT-12672,331,2025-08-25,2025-08-25 00:21:00,Config error,21,1
TKT-12673,111,2025-07-17,2025-07-17 03:35:00,Fiber cut,215,1
TKT-12674,1107,2025-07-17,2025-07-17 02:44:00,Fiber cut,164,1
TKT-12675,1243,2025-10-14,2025-10-14 00:25:00,Unknown,25,1
TKT-12676,1159,2025-10-11,2025-10-11 01:18:00,Fiber cut,78,1
TKT-12677,1207,2025-07-16,2025-07-16 00:34:00,Power issue,34,1
TKT-12678,1040,2025-08-29,2025-08-29 01:49:00,Fiber cut,109,1
TKT-12679,682,2025-08-07,2025-08-07 01:22:00,Unknown,82,1
TKT-12680,1246,2025-07-21,2025-07-21 00:34:00,Unknown,34,1
TKT-12681,1042,2025-10-24,2025-10-24 00:54:00,Upstream provider,54,1
TKT-12682,206,2025-09-08,2025-09-08 04:03:00,Unknown,243,1
TKT-12683,238,2025-08-07,2025-08-07 00:57:00,Power issue,57,1
TKT-12684,393,2025-09-02,2025-09-02 02:36:00,Upstream provider,156,1
TKT-12685,1468,2025-10-31,2025-10-31 05:48:00,Upstream provider,348,1
TKT-12686,59,2025-07-27,2025-07-27 03:28:00,Upstream provider,208,1
TKT-12687,352,2025-09-20,2025-09-20 00:11:00,Fiber cut,11,1
TKT-12688,186,2025-09-30,2025-09-30 01:13:00,Fiber cut,73,1
TKT-12689,1360,2025-10-10,2025-10-10 05:26:00,Power issue,326,1
TKT-12690,1126,2025-09-11,2025-09-11 01:24:00,Config error,84,1
TKT-12691,1174,2025-07-29,2025-07-29 00:19:00,Upstream provider,19,1
TKT-12692,737,2025-08-22,2025-08-22 01:26:00,Hardware failure,86,1
TKT-12693,937,2025-10-14,2025-10-14 04:11:00,Upstream provider,251,1
TKT-12694,799,2025-07-09,2025-07-09 00:50:00,Upstream provider,50,1
TKT-12695,1243,2025-10-29,2025-10-29 03:05:00,Fiber cut,185,1
TKT-12696,836,2025-07-11,2025-07-11 01:58:00,Upstream provider,118,1
TKT-12697,682,2025-10-01,2025-10-01 00:53:00,Upstream provider,53,1
TKT-12698,1448,2025-07-14,2025-07-14 02:45:00,Power issue,165,1
TKT-12699,1356,2025-08-30,2025-08-30 04:20:00,Hardware failure,260,1
TKT-12700,55,2025-09-30,2025-09-30 01:14:00,Upstream provider,74,1
TKT-12701,410,2025-10-09,2025-10-09 01:27:00,Fiber cut,87,1
TKT-12702,1413,2025-08-13,2025-08-13 00:31:00,Unknown,31,1
TKT-12703,54,2025-08-08,2025-08-08 02:21:00,Config error,141,1
TKT-12704,1132,2025-09-10,2025-09-10 00:09:00,Hardware failure,9,1
TKT-12705,352,2025-07-22,2025-07-22 02:29:00,Unknown,149,1
TKT-12706,957,2025-09-04,2025-09-04 01:48:00,Hardware failure,108,1
TKT-12707,260,2025-09-26,2025-09-26 00:51:00,Power issue,51,1
TKT-12708,1401,2025-09-09,2025-09-09 02:00:00,Upstream provider,120,1
TKT-12709,1193,2025-09-04,2025-09-04 00:37:00,Config error,37,1
TKT-12710,264,2025-08-03,2025-08-03 02:55:00,Unknown,175,1
TKT-12711,271,2025-08-16,2025-08-16 01:37:00,Unknown,97,1
TKT-12712,290,2025-10-19,2025-10-19 01:49:00,Power issue,109,1
TKT-12713,1290,2025-09-03,2025-09-03 00:48:00,Config error,48,1
TKT-12714,187,2025-07-06,2025-07-06 03:41:00,Upstream provider,221,1
TKT-12715,142,2025-08-29,2025-08-29 01:20:00,Hardware failure,80,1
TKT-12716,1062,2025-09-27,2025-09-27 04:22:00,Hardware failure,262,1
TKT-12717,702,2025-09-19,2025-09-19 00:05:00,Hardware failure,5,0
TKT-12718,961,2025-09-02,2025-09-02 01:23:00,Unknown,83,1
TKT-12719,180,2025-07-28,2025-07-28 03:03:00,Power issue,183,1
TKT-12720,1490,2025-08-12,2025-08-12 00:25:00,Hardware failure,25,1
TKT-12721,44,2025-09-01,2025-09-01 02:32:00,Unknown,152,1
TKT-12722,906,2025-10-23,2025-10-23 00:55:00,Fiber cut,55,1
TKT-12723,1327,2025-09-28,2025-09-28 02:45:00,Fiber cut,165,1
TKT-12724,763,2025-09-08,2025-09-08 02:05:00,Upstream provider,125,1
TKT-12725,499,2025-09-29,2025-09-29 01:51:00,Unknown,111,1
TKT-12726,1296,2025-08-10,2025-08-10 01:26:00,Unknown,86,1
TKT-12727,345,2025-09-05,2025-09-05 02:33:00,Fiber cut,153,1
TKT-12728,295,2025-08-28,2025-08-28 00:37:00,Unknown,37,1
TKT-12729,466,2025-07-15,2025-07-15 01:13:00,Upstream provider,73,1
TKT-12730,1499,2025-08-10,2025-08-10 00:22:00,Hardware failure,22,1
TKT-12731,709,2025-07-13,2025-07-13 00:40:00,Hardware failure,40,1
TKT-12732,5,2025-10-20,2025-10-20 00:57:00,Upstream provider,57,1
TKT-12733,603,2025-09-03,2025-09-03 02:51:00,Upstream provider,171,1
TKT-12734,756,2025-08-16,2025-08-16 03:00:00,Hardware failure,180,1
TKT-12735,588,2025-07-03,2025-07-03 02:15:00,Hardware failure,135,1
TKT-12736,431,2025-08-24,2025-08-24 03:47:00,Config error,227,1
TKT-12737,10,2025-07-10,2025-07-10 01:35:00,Upstream provider,95,1
TKT-12738,1290,2025-07-28,2025-07-28 00:05:00,Power issue,5,0
TKT-12739,152,2025-09-14,2025-09-14 00:05:00,Fiber cut,5,0
TKT-12740,1178,2025-08-22,2025-08-22 01:27:00,Unknown,87,1
TKT-12741,699,2025-08-11,2025-08-11 02:32:00,Config error,152,1
TKT-12742,1264,2025-08-16,2025-08-16 00:40:00,Unknown,40,1
TKT-12743,504,2025-07-04,2025-07-04 02:26:00,Config error,146,1
TKT-12744,1296,2025-07-31,2025-07-31 00:13:00,Fiber cut,13,1
TKT-12745,1133,2025-07-29,2025-07-29 00:33:00,Power issue,33,1
TKT-12746,1356,2025-10-13,2025-10-13 05:05:00,Hardware failure,305,1
TKT-12747,98,2025-10-15,2025-10-15 02:52:00,Power issue,172,1
TKT-12748,805,2025-08-20,2025-08-20 01:16:00,Config error,76,1
TKT-12749,526,2025-09-30,2025-09-30 00:55:00,Power issue,55,1
TKT-12750,965,2025-10-21,2025-10-21 01:30:00,Upstream provider,90,1
TKT-12751,906,2025-07-17,2025-07-17 00:29:00,Unknown,29,1
TKT-12752,852,2025-10-09,2025-10-09 00:32:00,Unknown,32,1
TKT-12753,719,2025-09-28,2025-09-28 00:36:00,Config error,36,1
TKT-12754,1330,2025-08-30,2025-08-30 04:54:00,Power issue,294,1
TKT-12755,187,2025-08-27,2025-08-27 01:43:00,Config error,103,1
TKT-12756,836,2025-10-13,2025-10-13 00:32:00,Upstream provider,32,1
TKT-12757,682,2025-10-31,2025-10-31 01:50:00,Config error,110,1
TKT-12758,1159,2025-09-08,2025-09-08 02:00:00,Config error,120,1
TKT-12759,499,2025-10-26,2025-10-26 00:07:00,Unknown,7,1
TKT-12760,276,2025-10-14,2025-10-14 01:20:00,Upstream provider,80,1
TKT-12761,657,2025-09-21,2025-09-21 02:45:00,Config error,165,1
TKT-12762,281,2025-08-15,2025-08-15 02:35:00,Hardware failure,155,1
TKT-12763,200,2025-07-20,2025-07-20 02:47:00,Config error,167,1
TKT-12764,10,2025-07-05,2025-07-05 03:56:00,Upstream provider,236,1
TKT-12765,1490,2025-09-04,2025-09-04 00:05:00,Hardware failure,5,0
TKT-12766,1047,2025-08-27,2025-08-27 02:34:00,Unknown,154,1
TKT-12767,1483,2025-07-01,2025-07-01 00:27:00,Fiber cut,27,1
TKT-12768,386,2025-08-01,2025-08-01 01:35:00,Config error,95,1
TKT-12769,1338,2025-08-09,2025-08-09 00:39:00,Upstream provider,39,1
TKT-12770,807,2025-10-07,2025-10-07 04:42:00,Upstream provider,282,1
TKT-12771,1110,2025-07-13,2025-07-13 01:22:00,Power issue,82,1
TKT-12772,241,2025-09-22,2025-09-22 00:22:00,Power issue,22,1
TKT-12773,1330,2025-09-05,2025-09-05 04:51:00,Upstream provider,291,1
TKT-12774,1382,2025-07-23,2025-07-23 05:32:00,Upstream provider,332,1
TKT-12775,756,2025-07-27,2025-07-27 00:25:00,Fiber cut,25,1
TKT-12776,783,2025-09-17,2025-09-17 02:42:00,Upstream provider,162,1
TKT-12777,427,2025-07-10,2025-07-10 03:01:00,Power issue,181,1
TKT-12778,657,2025-10-14,2025-10-14 02:03:00,Hardware failure,123,1
TKT-12779,1498,2025-09-14,2025-09-14 01:08:00,Fiber cut,68,1
TKT-12780,1183,2025-09-07,2025-09-07 02:01:00,Upstream provider,121,1
TKT-12781,557,2025-08-21,2025-08-21 02:33:00,Hardware failure,153,1
TKT-12782,504,2025-07-12,2025-07-12 01:52:00,Config error,112,1
TKT-12783,1183,2025-08-11,2025-08-11 00:41:00,Config error,41,1
TKT-12784,99,2025-10-02,2025-10-02 00:21:00,Fiber cut,21,1
TKT-12785,1276,2025-07-21,2025-07-21 00:12:00,Unknown,12,1
TKT-12786,1157,2025-09-20,2025-09-20 00:17:00,Config error,17,1
TKT-12787,937,2025-07-06,2025-07-06 03:11:00,Unknown,191,1
TKT-12788,893,2025-08-04,2025-08-04 02:05:00,Upstream provider,125,1
TKT-12789,1064,2025-09-11,2025-09-11 01:30:00,Upstream provider,90,1
TKT-12790,1368,2025-07-27,2025-07-27 04:27:00,Config error,267,1
TKT-12791,810,2025-08-03,2025-08-03 04:00:00,Hardware failure,240,1
TKT-12792,661,2025-09-11,2025-09-11 00:30:00,Power issue,30,1
TKT-12793,700,2025-10-15,2025-10-15 01:08:00,Upstream provider,68,1
TKT-12794,206,2025-08-26,2025-08-26 00:05:00,Fiber cut,5,0
TKT-12795,355,2025-07-05,2025-07-05 01:53:00,Power issue,113,1
TKT-12796,485,2025-07-03,2025-07-03 02:36:00,Unknown,156,1
TKT-12797,638,2025-10-29,2025-10-29 02:05:00,Power issue,125,1
TKT-12798,962,2025-10-02,2025-10-02 02:16:00,Hardware failure,136,1
TKT-12799,446,2025-08-01,2025-08-01 00:05:00,Fiber cut,5,0
TKT-12800,427,2025-07-30,2025-07-30 03:03:00,Power issue,183,1
TKT-12801,1180,2025-10-08,2025-10-08 02:54:00,Config error,174,1
TKT-12802,836,2025-07-05,2025-07-05 00:07:00,Fiber cut,7,1
TKT-12803,986,2025-09-22,2025-09-22 01:44:00,Upstream provider,104,1
TKT-12804,653,2025-10-07,2025-10-07 02:39:00,Upstream provider,159,1
TKT-12805,588,2025-09-19,2025-09-19 00:45:00,Unknown,45,1
TKT-12806,242,2025-10-04,2025-10-04 03:05:00,Upstream provider,185,1
TKT-12807,1431,2025-09-23,2025-09-23 00:41:00,Power issue,41,1
TKT-12808,1047,2025-08-08,2025-08-08 00:10:00,Config error,10,1
TKT-12809,748,2025-09-07,2025-09-07 02:19:00,Unknown,139,1
TKT-12810,559,2025-08-11,2025-08-11 02:31:00,Upstream provider,151,1
TKT-12811,1198,2025-08-29,2025-08-29 02:48:00,Fiber cut,168,1
TKT-12812,1142,2025-07-20,2025-07-20 01:05:00,Fiber cut,65,1
TKT-12813,1152,2025-10-09,2025-10-09 02:10:00,Power issue,130,1
TKT-12814,398,2025-07-19,2025-07-19 01:21:00,Upstream provider,81,1
TKT-12815,1297,2025-08-11,2025-08-11 01:10:00,Hardware failure,70,1
TKT-12816,703,2025-09-22,2025-09-22 00:25:00,Power issue,25,1
TKT-12817,1339,2025-08-30,2025-08-30 04:17:00,Hardware failure,257,1
TKT-12818,18,2025-08-09,2025-08-09 00:24:00,Fiber cut,24,1
TKT-12819,55,2025-10-23,2025-10-23 01:14:00,Config error,74,1
TKT-12820,238,2025-07-17,2025-07-17 03:32:00,Power issue,212,1
TKT-12821,1145,2025-09-10,2025-09-10 01:37:00,Power issue,97,1
TKT-12822,638,2025-07-25,2025-07-25 05:38:00,Hardware failure,338,1
TKT-12823,818,2025-10-12,2025-10-12 00:25:00,Upstream provider,25,1
TKT-12824,1247,2025-08-08,2025-08-08 02:41:00,Upstream provider,161,1
TKT-12825,1184,2025-08-22,2025-08-22 02:11:00,Fiber cut,131,1
TKT-12826,433,2025-07-25,2025-07-25 01:54:00,Fiber cut,114,1
TKT-12827,957,2025-10-01,2025-10-01 00:12:00,Hardware failure,12,1
TKT-12828,499,2025-10-03,2025-10-03 02:02:00,Unknown,122,1
TKT-12829,694,2025-10-28,2025-10-28 03:47:00,Fiber cut,227,1
TKT-12830,694,2025-10-03,2025-10-03 00:54:00,Power issue,54,1
TKT-12831,411,2025-07-10,2025-07-10 03:32:00,Upstream provider,212,1
TKT-12832,98,2025-09-07,2025-09-07 01:17:00,Power issue,77,1
TKT-12833,871,2025-10-27,2025-10-27 00:05:00,Config error,5,0
TKT-12834,464,2025-08-17,2025-08-17 00:25:00,Unknown,25,1
TKT-12835,395,2025-10-18,2025-10-18 02:12:00,Fiber cut,132,1
TKT-12836,1042,2025-08-02,2025-08-02 00:08:00,Unknown,8,1
TKT-12837,976,2025-09-05,2025-09-05 00:54:00,Fiber cut,54,1
TKT-12838,123,2025-09-08,2025-09-08 04:02:00,Power issue,242,1
TKT-12839,1344,2025-07-04,2025-07-04 02:44:00,Config error,164,1
TKT-12840,565,2025-07-02,2025-07-02 01:28:00,Hardware failure,88,1
TKT-12841,766,2025-08-13,2025-08-13 02:48:00,Config error,168,1
TKT-12842,1323,2025-09-05,2025-09-05 01:40:00,Power issue,100,1
TKT-12843,1039,2025-08-18,2025-08-18 04:52:00,Upstream provider,292,1
TKT-12844,359,2025-10-23,2025-10-23 03:44:00,Hardware failure,224,1
TKT-12845,926,2025-08-04,2025-08-04 03:36:00,Unknown,216,1
TKT-12846,187,2025-07-30,2025-07-30 02:03:00,Unknown,123,1
TKT-12847,741,2025-08-15,2025-08-15 05:27:00,Config error,327,1
TKT-12848,1289,2025-08-02,2025-08-02 02:33:00,Hardware failure,153,1
TKT-12849,1062,2025-10-23,2025-10-23 00:32:00,Config error,32,1
TKT-12850,681,2025-10-05,2025-10-05 02:21:00,Config error,141,1
TKT-12851,124,2025-09-15,2025-09-15 05:16:00,Upstream provider,316,1
TKT-12852,201,2025-07-06,2025-07-06 02:21:00,Upstream provider,141,1
TKT-12853,818,2025-07-27,2025-07-27 01:56:00,Upstream provider,116,1
TKT-12854,904,2025-09-13,2025-09-13 04:25:00,Power issue,265,1
TKT-12855,378,2025-07-25,2025-07-25 03:48:00,Fiber cut,228,1
TKT-12856,161,2025-08-23,2025-08-23 02:31:00,Config error,151,1
TKT-12857,818,2025-09-06,2025-09-06 02:38:00,Config error,158,1
TKT-12858,652,2025-09-21,2025-09-21 04:47:00,Upstream provider,287,1
TKT-12859,1051,2025-08-16,2025-08-16 00:26:00,Upstream provider,26,1
TKT-12860,269,2025-07-13,2025-07-13 01:27:00,Unknown,87,1
TKT-12861,1157,2025-09-25,2025-09-25 04:15:00,Power issue,255,1
TKT-12862,759,2025-09-13,2025-09-13 00:20:00,Fiber cut,20,1
TKT-12863,356,2025-08-17,2025-08-17 00:05:00,Power issue,5,0
TKT-12864,356,2025-07-24,2025-07-24 02:10:00,Unknown,130,1
TKT-12865,446,2025-10-16,2025-10-16 04:30:00,Upstream provider,270,1
TKT-12866,314,2025-10-03,2025-10-03 02:14:00,Config error,134,1
TKT-12867,889,2025-10-30,2025-10-30 02:38:00,Unknown,158,1
TKT-12868,826,2025-10-22,2025-10-22 03:09:00,Power issue,189,1
TKT-12869,284,2025-10-10,2025-10-10 00:19:00,Fiber cut,19,1
TKT-12870,1315,2025-07-21,2025-07-21 01:01:00,Config error,61,1
TKT-12871,985,2025-09-21,2025-09-21 00:12:00,Config error,12,1
TKT-12872,1406,2025-08-16,2025-08-16 07:26:00,Config error,446,1
TKT-12873,841,2025-09-06,2025-09-06 03:08:00,Config error,188,1
TKT-12874,826,2025-10-01,2025-10-01 02:35:00,Unknown,155,1
TKT-12875,858,2025-10-28,2025-10-28 02:04:00,Power issue,124,1
TKT-12876,1237,2025-07-22,2025-07-22 02:25:00,Hardware failure,145,1
TKT-12877,566,2025-07-11,2025-07-11 01:53:00,Power issue,113,1
TKT-12878,1193,2025-09-21,2025-09-21 02:16:00,Unknown,136,1
TKT-12879,1228,2025-09-24,2025-09-24 04:08:00,Unknown,248,1
TKT-12880,1247,2025-08-06,2025-08-06 00:42:00,Upstream provider,42,1
TKT-12881,881,2025-10-31,2025-10-31 00:16:00,Power issue,16,1
TKT-12882,451,2025-08-15,2025-08-15 02:22:00,Unknown,142,1
TKT-12883,112,2025-08-10,2025-08-10 01:51:00,Upstream provider,111,1
TKT-12884,298,2025-07-20,2025-07-20 03:26:00,Config error,206,1
TKT-12885,1375,2025-08-28,2025-08-28 03:50:00,Config error,230,1
TKT-12886,263,2025-08-08,2025-08-08 04:32:00,Upstream provider,272,1
TKT-12887,732,2025-09-17,2025-09-17 06:29:00,Config error,389,1
TKT-12888,1323,2025-08-03,2025-08-03 00:09:00,Upstream provider,9,1
TKT-12889,962,2025-07-03,2025-07-03 03:10:00,Power issue,190,1
TKT-12890,1048,2025-10-11,2025-10-11 03:47:00,Power issue,227,1
TKT-12891,133,2025-07-14,2025-07-14 02:50:00,Config error,170,1
TKT-12892,165,2025-09-22,2025-09-22 02:08:00,Fiber cut,128,1
TKT-12893,25,2025-07-05,2025-07-05 04:48:00,Upstream provider,288,1
TKT-12894,1390,2025-07-05,2025-07-05 03:37:00,Hardware failure,217,1
TKT-12895,964,2025-09-26,2025-09-26 01:54:00,Config error,114,1
TKT-12896,133,2025-08-06,2025-08-06 06:17:00,Hardware failure,377,1
TKT-12897,1242,2025-10-26,2025-10-26 04:32:00,Config error,272,1
TKT-12898,1128,2025-07-13,2025-07-13 02:14:00,Upstream provider,134,1
TKT-12899,271,2025-09-01,2025-09-01 00:42:00,Hardware failure,42,1
TKT-12900,128,2025-09-05,2025-09-05 01:31:00,Unknown,91,1
